<?xml version="1.0" encoding="UTF-8"?>

<ActivityDefinition xmlns="http://hl7.org/fhir">
  <id value="DailyStopOrdersInvasiveDevices"/>
  <text>
    <status value="generated"/><div xmlns="http://www.w3.org/1999/xhtml"><p class="res-header-id"><b>Generated Narrative: ActivityDefinition DailyStopOrdersInvasiveDevices</b></p><a name="DailyStopOrdersInvasiveDevices"> </a><a name="hcDailyStopOrdersInvasiveDevices"> </a><a name="DailyStopOrdersInvasiveDevices-en-US"> </a><p><b>url</b>: <a href="ActivityDefinition-DailyStopOrdersInvasiveDevices.html">ActivityDefinition Daily Stop-Orders for Invasive Devices</a></p><p><b>version</b>: 7.0</p><p><b>name</b>: DailyStopOrdersInvasiveDevices</p><p><b>title</b>: Daily Stop-Orders for Invasive Devices</p><p><b>status</b>: Active</p><p><b>experimental</b>: true</p><p><b>date</b>: 2024-08-12 09:30:16+0000</p><p><b>publisher</b>: NUM CODEX+ CELIDA</p><p><b>description</b>: </p><div><p>All invasive devices have a daily re-evaluation regarding the necessity of each device.</p>
</div><p><b>code</b>: <span title="Codes:{http://snomed.info/sct 230165009}">Indication of</span></p><p><b>timing</b>: Once per1 days</p></div>
  </text>
  <url value="https://www.netzwerk-universitaetsmedizin.de/fhir/codex-celida/guideline/DIVI-DigiQIs/recommended-action/daily-stop-orders-invasive-devices"/>
  <version value="7.0"/>
  <name value="DailyStopOrdersInvasiveDevices"/>
  <title value="Daily Stop-Orders for Invasive Devices"/>
  <status value="active"/>
  <experimental value="true"/>
  <date value="2024-08-12T09:30:16+00:00"/>
  <publisher value="NUM CODEX+ CELIDA"/>
  <description value="All invasive devices have a daily re-evaluation regarding the necessity of each device."/>
  <code>
    <coding>
      <system value="http://snomed.info/sct"/>
      <code value="230165009"/>
      <display value="Indication of"/>
    </coding>
  </code>
  <timingTiming>
    <repeat>
      <frequency value="1"/>
      <period value="1"/>
      <periodUnit value="d"/>
    </repeat>
  </timingTiming>
</ActivityDefinition>