<?xml version="1.0" encoding="UTF-8"?>

<ActivityDefinition xmlns="http://hl7.org/fhir">
  <id value="DailySufficientFeeding"/>
  <text>
    <status value="generated"/><div xmlns="http://www.w3.org/1999/xhtml"><p class="res-header-id"><b>Generated Narrative: ActivityDefinition DailySufficientFeeding</b></p><a name="DailySufficientFeeding"> </a><a name="hcDailySufficientFeeding"> </a><a name="DailySufficientFeeding-en-US"> </a><p><b>url</b>: <a href="ActivityDefinition-DailySufficientFeeding.html">ActivityDefinition The daily calorie intake is sufficient</a></p><p><b>version</b>: 7.0</p><p><b>name</b>: DailySufficientFeeding</p><p><b>title</b>: The daily calorie intake is sufficient</p><p><b>status</b>: Active</p><p><b>experimental</b>: true</p><p><b>date</b>: 2024-08-12 09:30:16+0000</p><p><b>publisher</b>: NUM CODEX+ CELIDA</p><p><b>description</b>: </p><div><p>The daily amount of calories matches the individual requirements.</p>
</div><p><b>code</b>: <span title="Codes:{http://snomed.info/sct 787787004}">Calorie Intake</span></p><p><b>timing</b>: Once per1 days</p></div>
  </text>
  <url value="https://www.netzwerk-universitaetsmedizin.de/fhir/codex-celida/guideline/DIVI-DigiQIs/recommended-action/daily-sufficient-feeding"/>
  <version value="7.0"/>
  <name value="DailySufficientFeeding"/>
  <title value="The daily calorie intake is sufficient"/>
  <status value="active"/>
  <experimental value="true"/>
  <date value="2024-08-12T09:30:16+00:00"/>
  <publisher value="NUM CODEX+ CELIDA"/>
  <description value="The daily amount of calories matches the individual requirements."/>
  <code>
    <coding>
      <system value="http://snomed.info/sct"/>
      <code value="787787004"/>
      <display value="Calorie Intake"/>
    </coding>
  </code>
  <timingTiming>
    <repeat>
      <frequency value="1"/>
      <period value="1"/>
      <periodUnit value="d"/>
    </repeat>
  </timingTiming>
</ActivityDefinition>