<?xml version="1.0" encoding="UTF-8"?>

<ActivityDefinition xmlns="http://hl7.org/fhir">
  <id value="DailyWeaningTrials"/>
  <text>
    <status value="generated"/><div xmlns="http://www.w3.org/1999/xhtml"><p class="res-header-id"><b>Generated Narrative: ActivityDefinition DailyWeaningTrials</b></p><a name="DailyWeaningTrials"> </a><a name="hcDailyWeaningTrials"> </a><a name="DailyWeaningTrials-en-US"> </a><p><b>url</b>: <a href="ActivityDefinition-DailyWeaningTrials.html">ActivityDefinition Daily Weaning Trials</a></p><p><b>version</b>: 7.0</p><p><b>name</b>: DailyWeaningTrials</p><p><b>title</b>: Daily Weaning Trials</p><p><b>status</b>: Active</p><p><b>experimental</b>: true</p><p><b>date</b>: 2024-08-12 09:30:16+0000</p><p><b>publisher</b>: NUM CODEX+ CELIDA</p><p><b>description</b>: </p><div><p>Weaning trials are performed periodically every day.</p>
</div><p><b>code</b>: <span title="Codes:{http://snomed.info/sct 1259865002}">Weaning from mechanically assisted ventilation commenced</span></p><p><b>timing</b>: Once per1 days</p></div>
  </text>
  <url value="https://www.netzwerk-universitaetsmedizin.de/fhir/codex-celida/guideline/DIVI-DigiQIs/recommended-action/daily-weaning-trials"/>
  <version value="7.0"/>
  <name value="DailyWeaningTrials"/>
  <title value="Daily Weaning Trials"/>
  <status value="active"/>
  <experimental value="true"/>
  <date value="2024-08-12T09:30:16+00:00"/>
  <publisher value="NUM CODEX+ CELIDA"/>
  <description value="Weaning trials are performed periodically every day."/>
  <code>
    <coding>
      <system value="http://snomed.info/sct"/>
      <code value="1259865002"/>
      <display value="Weaning from mechanically assisted ventilation commenced"/>
    </coding>
  </code>
  <timingTiming>
    <repeat>
      <frequency value="1"/>
      <period value="1"/>
      <periodUnit value="d"/>
    </repeat>
  </timingTiming>
</ActivityDefinition>