<?xml version="1.0" encoding="UTF-8"?>

<ActivityDefinition xmlns="http://hl7.org/fhir">
  <id value="DailyMobilization"/>
  <text>
    <status value="generated"/><div xmlns="http://www.w3.org/1999/xhtml"><p class="res-header-id"><b>Generated Narrative: ActivityDefinition DailyMobilization</b></p><a name="DailyMobilization"> </a><a name="hcDailyMobilization"> </a><a name="DailyMobilization-en-US"> </a><p><b>url</b>: <a href="ActivityDefinition-DailyMobilization.html">ActivityDefinition Daily Mobilization</a></p><p><b>version</b>: 7.0</p><p><b>name</b>: DailyMobilization</p><p><b>title</b>: Daily Mobilization</p><p><b>status</b>: Active</p><p><b>experimental</b>: true</p><p><b>date</b>: 2024-08-12 09:30:16+0000</p><p><b>publisher</b>: NUM CODEX+ CELIDA</p><p><b>description</b>: </p><div><p>Mobilization that occurs at least once a day.</p>
</div><p><b>code</b>: <span title="Codes:{http://snomed.info/sct 74923002}">Mobilization</span></p><p><b>timing</b>: Once per1 days</p></div>
  </text>
  <url value="https://www.netzwerk-universitaetsmedizin.de/fhir/codex-celida/guideline/DIVI-DigiQIs/recommended-action/daily-mobilization"/>
  <version value="7.0"/>
  <name value="DailyMobilization"/>
  <title value="Daily Mobilization"/>
  <status value="active"/>
  <experimental value="true"/>
  <date value="2024-08-12T09:30:16+00:00"/>
  <publisher value="NUM CODEX+ CELIDA"/>
  <description value="Mobilization that occurs at least once a day."/>
  <code>
    <coding>
      <system value="http://snomed.info/sct"/>
      <code value="74923002"/>
      <display value="Mobilization"/>
    </coding>
  </code>
  <timingTiming>
    <repeat>
      <frequency value="1"/>
      <period value="1"/>
      <periodUnit value="d"/>
    </repeat>
  </timingTiming>
</ActivityDefinition>