<?xml version="1.0" encoding="UTF-8"?>

<ActivityDefinition xmlns="http://hl7.org/fhir">
  <id value="NoDischargeWithHomeVentilation"/>
  <text>
    <status value="generated"/><div xmlns="http://www.w3.org/1999/xhtml"><p class="res-header-id"><b>Generated Narrative: ActivityDefinition NoDischargeWithHomeVentilation</b></p><a name="NoDischargeWithHomeVentilation"> </a><a name="hcNoDischargeWithHomeVentilation"> </a><a name="NoDischargeWithHomeVentilation-en-US"> </a><p><b>url</b>: <a href="ActivityDefinition-NoDischargeWithHomeVentilation.html">ActivityDefinition No Discharge with Home Ventilation</a></p><p><b>version</b>: 7.0</p><p><b>name</b>: NoDischargeWithHomeVentilation</p><p><b>title</b>: No Discharge with Home Ventilation</p><p><b>status</b>: Active</p><p><b>experimental</b>: true</p><p><b>date</b>: 2024-08-12 09:30:16+0000</p><p><b>publisher</b>: NUM CODEX+ CELIDA</p><p><b>description</b>: </p><div><p>The patient is not discharged with home ventilation.</p>
</div><p><b>code</b>: <span title="Codes:{http://snomed.info/sct 60631000119109}">Dependence on home ventilator</span></p><p><b>timing</b>: Once per1 days</p></div>
  </text>
  <url value="https://www.netzwerk-universitaetsmedizin.de/fhir/codex-celida/guideline/DIVI-DigiQIs/recommended-action/no-discharge-with-home-ventilation"/>
  <version value="7.0"/>
  <name value="NoDischargeWithHomeVentilation"/>
  <title value="No Discharge with Home Ventilation"/>
  <status value="active"/>
  <experimental value="true"/>
  <date value="2024-08-12T09:30:16+00:00"/>
  <publisher value="NUM CODEX+ CELIDA"/>
  <description value="The patient is not discharged with home ventilation."/>
  <code>
    <coding>
      <system value="http://snomed.info/sct"/>
      <code value="60631000119109"/>
      <display value="Dependence on home ventilator"/>
    </coding>
  </code>
  <timingTiming>
    <repeat>
      <frequency value="1"/>
      <period value="1"/>
      <periodUnit value="d"/>
    </repeat>
  </timingTiming>
</ActivityDefinition>