<?xml version="1.0" encoding="UTF-8"?>

<EvidenceVariable xmlns="http://hl7.org/fhir">
  <id value="IntensiveCarePatients-InvasiveVentilation"/>
  <meta>
    <profile value="https://www.netzwerk-universitaetsmedizin.de/fhir/cpg-on-ebm-on-fhir/StructureDefinition/recommendation-eligibility-criteria"/>
  </meta>
  <text>
    <status value="generated"/><div xmlns="http://www.w3.org/1999/xhtml"><p class="res-header-id"><b>Generated Narrative: EvidenceVariable IntensiveCarePatients-InvasiveVentilation</b></p><a name="IntensiveCarePatients-InvasiveVentilation"> </a><a name="hcIntensiveCarePatients-InvasiveVentilation"> </a><a name="IntensiveCarePatients-InvasiveVentilation-en-US"> </a><p><b>url</b>: <a href="EvidenceVariable-IntensiveCarePatients-InvasiveVentilation.html">EvidenceVariable Population: Intensive Care Patients with Invasive Ventilation</a></p><p><b>name</b>: Population_IntensiveCarePatients_InvasiveVentilation</p><p><b>title</b>: Population: Intensive Care Patients with Invasive Ventilation</p><p><b>status</b>: Active</p><p><b>date</b>: 2024-08-12 09:30:16+0000</p><p><b>description</b>: </p><div><p>Intensive Care Patients with Invasive Ventilation</p>
</div><blockquote><p><b>characteristic</b></p><p><b>exclude</b>: false</p><h3>DefinitionByTypeAndValues</h3><table class="grid"><tr><td style="display: none">-</td><td><b>Type</b></td><td><b>Value[x]</b></td></tr><tr><td style="display: none">*</td><td><span title="Codes:{http://snomed.info/sct 71388002}">Procedure (procedure)</span></td><td><span title="Codes:{http://snomed.info/sct 133903000}">Care of Intensive Care Unit Patient</span></td></tr></table></blockquote><blockquote><p><b>characteristic</b></p><p><b>exclude</b>: false</p><h3>DefinitionByTypeAndValues</h3><table class="grid"><tr><td style="display: none">-</td><td><b>Type</b></td><td><b>Value[x]</b></td></tr><tr><td style="display: none">*</td><td><span title="Codes:{http://snomed.info/sct 71388002}">Procedure (procedure)</span></td><td><span title="Codes:{http://snomed.info/sct 1258985005}">Invasive mechanical ventilation</span></td></tr></table></blockquote></div>
  </text>
  <url value="https://www.netzwerk-universitaetsmedizin.de/fhir/codex-celida/guideline/DIVI-DigiQIs/population/intensive-care-patients_invasive-ventilation"/>
  <name value="Population_IntensiveCarePatients_InvasiveVentilation"/>
  <title value="Population: Intensive Care Patients with Invasive Ventilation"/>
  <status value="active"/>
  <date value="2024-08-12T09:30:16+00:00"/>
  <description value="Intensive Care Patients with Invasive Ventilation"/>
  <characteristic>
    <exclude value="false"/>
    <definitionByTypeAndValue>
      <type>
        <coding>
          <system value="http://snomed.info/sct"/>
          <code value="71388002"/>
          <display value="Procedure (procedure)"/>
        </coding>
      </type>
      <valueCodeableConcept>
        <coding>
          <system value="http://snomed.info/sct"/>
          <code value="133903000"/>
          <display value="Care of Intensive Care Unit Patient"/>
        </coding>
      </valueCodeableConcept>
    </definitionByTypeAndValue>
  </characteristic>
  <characteristic>
    <exclude value="false"/>
    <definitionByTypeAndValue>
      <type>
        <coding>
          <system value="http://snomed.info/sct"/>
          <code value="71388002"/>
          <display value="Procedure (procedure)"/>
        </coding>
      </type>
      <valueCodeableConcept>
        <coding>
          <system value="http://snomed.info/sct"/>
          <code value="1258985005"/>
          <display value="Invasive mechanical ventilation"/>
        </coding>
      </valueCodeableConcept>
    </definitionByTypeAndValue>
  </characteristic>
</EvidenceVariable>