<?xml version="1.0" encoding="UTF-8"?>

<EvidenceVariable xmlns="http://hl7.org/fhir">
  <id value="IntensiveCarePatients-WithOut-NoMobilizationOrder"/>
  <meta>
    <profile value="https://www.netzwerk-universitaetsmedizin.de/fhir/cpg-on-ebm-on-fhir/StructureDefinition/recommendation-eligibility-criteria"/>
  </meta>
  <text>
    <status value="generated"/><div xmlns="http://www.w3.org/1999/xhtml"><p class="res-header-id"><b>Generated Narrative: EvidenceVariable IntensiveCarePatients-WithOut-NoMobilizationOrder</b></p><a name="IntensiveCarePatients-WithOut-NoMobilizationOrder"> </a><a name="hcIntensiveCarePatients-WithOut-NoMobilizationOrder"> </a><a name="IntensiveCarePatients-WithOut-NoMobilizationOrder-en-US"> </a><p><b>url</b>: <a href="EvidenceVariable-IntensiveCarePatients-WithOut-NoMobilizationOrder.html">EvidenceVariable Population: Intensive Care Patients without a no-mobilization order</a></p><p><b>name</b>: Population_IntensiveCarePatients_WithOut_NoMobilizationOrder</p><p><b>title</b>: Population: Intensive Care Patients without a no-mobilization order</p><p><b>status</b>: Active</p><p><b>date</b>: 2024-08-12 09:30:16+0000</p><p><b>description</b>: </p><div><p>Intensive Care Patients without a no-mobilization order</p>
</div><blockquote><p><b>characteristic</b></p><p><b>exclude</b>: false</p><h3>DefinitionByTypeAndValues</h3><table class="grid"><tr><td style="display: none">-</td><td><b>Type</b></td><td><b>Value[x]</b></td></tr><tr><td style="display: none">*</td><td><span title="Codes:{http://snomed.info/sct 71388002}">Procedure (procedure)</span></td><td><span title="Codes:{http://snomed.info/sct 133903000}">Care of Intensive Care Unit Patient</span></td></tr></table></blockquote><blockquote><p><b>characteristic</b></p><p><b>exclude</b>: true</p><h3>DefinitionByTypeAndValues</h3><table class="grid"><tr><td style="display: none">-</td><td><b>Type</b></td><td><b>Value[x]</b></td></tr><tr><td style="display: none">*</td><td><span title="Codes:{http://snomed.info/sct 721963009}">Order (record artifact)</span></td><td><span title="Codes:{http://divi.de/forschung/sektionsgruppen/qualitaetsverbesserung-und-informationstechnologie/informationstechnologie-und-medizintechnik ORDER-NO-MOBIL}">Order to not mobilize</span></td></tr></table></blockquote></div>
  </text>
  <url value="https://www.netzwerk-universitaetsmedizin.de/fhir/codex-celida/guideline/DIVI-DigiQIs/population/intensive-care-patients_without_no-mobilization-order"/>
  <name value="Population_IntensiveCarePatients_WithOut_NoMobilizationOrder"/>
  <title value="Population: Intensive Care Patients without a no-mobilization order"/>
  <status value="active"/>
  <date value="2024-08-12T09:30:16+00:00"/>
  <description value="Intensive Care Patients without a no-mobilization order"/>
  <characteristic>
    <exclude value="false"/>
    <definitionByTypeAndValue>
      <type>
        <coding>
          <system value="http://snomed.info/sct"/>
          <code value="71388002"/>
          <display value="Procedure (procedure)"/>
        </coding>
      </type>
      <valueCodeableConcept>
        <coding>
          <system value="http://snomed.info/sct"/>
          <code value="133903000"/>
          <display value="Care of Intensive Care Unit Patient"/>
        </coding>
      </valueCodeableConcept>
    </definitionByTypeAndValue>
  </characteristic>
  <characteristic>
    <exclude value="true"/>
    <definitionByTypeAndValue>
      <type>
        <coding>
          <system value="http://snomed.info/sct"/>
          <code value="721963009"/>
          <display value="Order (record artifact)"/>
        </coding>
      </type>
      <valueCodeableConcept>
        <coding>
          <system value="http://divi.de/forschung/sektionsgruppen/qualitaetsverbesserung-und-informationstechnologie/informationstechnologie-und-medizintechnik"/>
          <code value="ORDER-NO-MOBIL"/>
          <display value="Order to not mobilize"/>
        </coding>
      </valueCodeableConcept>
    </definitionByTypeAndValue>
  </characteristic>
</EvidenceVariable>