<?xml version="1.0" encoding="UTF-8"?>

<ImplementationGuide xmlns="http://hl7.org/fhir">
  <id value="template.cpg-on-ebmonfhir.netzwerk-universitaetsmedizin.de"/>
  <text>
    <status value="generated"/><div xmlns="http://www.w3.org/1999/xhtml"><p class="res-header-id"><b>Generated Narrative: ImplementationGuide template.cpg-on-ebmonfhir.netzwerk-universitaetsmedizin.de</b></p><a name="template.cpg-on-ebmonfhir.netzwerk-universitaetsmedizin.de"> </a><a name="hctemplate.cpg-on-ebmonfhir.netzwerk-universitaetsmedizin.de"> </a><a name="template.cpg-on-ebmonfhir.netzwerk-universitaetsmedizin.de-en-US"> </a><h2>CPGonEBMonFHIRtemplate</h2><p>The official URL for this implementation guide is: </p><pre>https://www.netzwerk-universitaetsmedizin.de/fhir/cpg-on-ebmonfhir/example/ImplementationGuide/template.cpg-on-ebmonfhir.netzwerk-universitaetsmedizin.de</pre></div>
  </text>
  <url value="https://www.netzwerk-universitaetsmedizin.de/fhir/cpg-on-ebmonfhir/example/ImplementationGuide/template.cpg-on-ebmonfhir.netzwerk-universitaetsmedizin.de"/>
  <version value="0.0.1-snapshot"/>
  <name value="CPGonEBMonFHIRtemplate"/>
  <title value="CPG-on-EBMonFHIR template"/>
  <status value="draft"/>
  <date value="2024-08-12T09:30:16+00:00"/>
  <publisher value="Example"/>
  <contact>
    <name value="Example"/>
    <telecom>
      <system value="url"/>
      <value value="https://www.example.com"/>
    </telecom>
  </contact>
  <packageId value="template.cpg-on-ebmonfhir.netzwerk-universitaetsmedizin.de"/>
  <license value="CC0-1.0"/>
  <fhirVersion value="5.0.0"/>
  <dependsOn id="hl7tx">
    <extension url="http://hl7.org/fhir/tools/StructureDefinition/implementationguide-dependency-comment">
      <valueMarkdown value="Automatically added as a dependency - all IGs depend on HL7 Terminology"/>
    </extension>
    <uri value="http://terminology.hl7.org/ImplementationGuide/hl7.terminology"/>
    <packageId value="hl7.terminology.r5"/>
    <version value="6.0.2"/>
  </dependsOn>
  <dependsOn id="hl7ext">
    <extension url="http://hl7.org/fhir/tools/StructureDefinition/implementationguide-dependency-comment">
      <valueMarkdown value="Automatically added as a dependency - all IGs depend on the HL7 Extension Pack"/>
    </extension>
    <uri value="http://hl7.org/fhir/extensions/ImplementationGuide/hl7.fhir.uv.extensions"/>
    <packageId value="hl7.fhir.uv.extensions.r5"/>
    <version value="5.1.0"/>
  </dependsOn>
  <dependsOn id="de_netzwerk_universitaetsmedizin_ebm_cpg">
    <uri value="https://www.netzwerk-universitaetsmedizin.de/fhir/cpg-on-ebm-on-fhir/ImplementationGuide/de.netzwerk-universitaetsmedizin.ebm-cpg"/>
    <packageId value="de.netzwerk-universitaetsmedizin.ebm-cpg"/>
    <version value="0.8.0-snapshot"/>
  </dependsOn>
  <definition>
    <extension url="http://hl7.org/fhir/tools/StructureDefinition/ig-internal-dependency">
      <valueCode value="hl7.fhir.uv.tools#0.1.0"/>
    </extension>
    <resource>
      <extension url="http://hl7.org/fhir/tools/StructureDefinition/resource-information">
        <valueString value="CodeSystem"/>
      </extension>
      <reference>
        <reference value="CodeSystem/codex-celida"/>
      </reference>
      <name value="CODEX-CELIDA"/>
      <description value="Concepts required in recommendations that are not defined elsewhere"/>
      <isExample value="false"/>
    </resource>
    <resource>
      <extension url="http://hl7.org/fhir/tools/StructureDefinition/resource-information">
        <valueString value="ActivityDefinition"/>
      </extension>
      <reference>
        <reference value="ActivityDefinition/DailyAssessmentAntibioticDuration"/>
      </reference>
      <name value="Daily Assessment of the Duration of Antibiotic Therapy"/>
      <description value="All Antibiotics are daily re-evaluated for the Duration of Therapy for each Antibiotic."/>
      <isExample value="false"/>
    </resource>
    <resource>
      <extension url="http://hl7.org/fhir/tools/StructureDefinition/resource-information">
        <valueString value="ActivityDefinition"/>
      </extension>
      <reference>
        <reference value="ActivityDefinition/DailyAssessmentAntibioticFocus"/>
      </reference>
      <name value="Daily Assessment of the Focus for Antibiotics"/>
      <description value="All Antibiotics are daily re-evaluated for the Focus for each Antibiotic."/>
      <isExample value="false"/>
    </resource>
    <resource>
      <extension url="http://hl7.org/fhir/tools/StructureDefinition/resource-information">
        <valueString value="ActivityDefinition"/>
      </extension>
      <reference>
        <reference value="ActivityDefinition/DailyAssessmentAntibioticIndication"/>
      </reference>
      <name value="Daily Assessment of the Indication for Antibiotics"/>
      <description value="All Antibiotics are daily re-evaluated for the Indication for each Antibiotic."/>
      <isExample value="false"/>
    </resource>
    <resource>
      <extension url="http://hl7.org/fhir/tools/StructureDefinition/resource-information">
        <valueString value="ActivityDefinition"/>
      </extension>
      <reference>
        <reference value="ActivityDefinition/DailyWeaningAssessments"/>
      </reference>
      <name value="Daily Assessments of Readiness-to-wean from mechanical ventilation"/>
      <description value="Readiness-to-wean from mechanical ventilation is assessed periodically every day."/>
      <isExample value="false"/>
    </resource>
    <resource>
      <extension url="http://hl7.org/fhir/tools/StructureDefinition/resource-information">
        <valueString value="PlanDefinition"/>
      </extension>
      <reference>
        <reference value="PlanDefinition/DailyDocumentationTreatmentGoals"/>
      </reference>
      <name value="Daily Documentation of Treatment Goals"/>
      <description value="Treatment Goals should be documented daily for every Intensive Care Patient."/>
      <isExample value="false"/>
    </resource>
    <resource>
      <extension url="http://hl7.org/fhir/tools/StructureDefinition/resource-information">
        <valueString value="PlanDefinition"/>
      </extension>
      <reference>
        <reference value="PlanDefinition/PeriodicAssessmentOfWeaning"/>
      </reference>
      <name value="Daily Evaluation of Readiness-to-Wean and/or Weaning Trials"/>
      <description value="All invasive ventilated Intensive Care Patients should be evaluated for their readiness-to-wean and/or receive weaning trials at least once every day."/>
      <isExample value="false"/>
    </resource>
    <resource>
      <extension url="http://hl7.org/fhir/tools/StructureDefinition/resource-information">
        <valueString value="ActivityDefinition"/>
      </extension>
      <reference>
        <reference value="ActivityDefinition/DailyMobilization"/>
      </reference>
      <name value="Daily Mobilization"/>
      <description value="Mobilization that occurs at least once a day."/>
      <isExample value="false"/>
    </resource>
    <resource>
      <extension url="http://hl7.org/fhir/tools/StructureDefinition/resource-information">
        <valueString value="PlanDefinition"/>
      </extension>
      <reference>
        <reference value="PlanDefinition/DailyMultiprofessionalWardRounds"/>
      </reference>
      <name value="Daily multiprofessional ward rounds"/>
      <description value="Every Intensive Care Patient should be visited daily in multiprofessional ward rounds led by an intensive care specialist."/>
      <isExample value="false"/>
    </resource>
    <resource>
      <extension url="http://hl7.org/fhir/tools/StructureDefinition/resource-information">
        <valueString value="ActivityDefinition"/>
      </extension>
      <reference>
        <reference value="ActivityDefinition/DailyMultiprofessionalWardRoundsAction"/>
      </reference>
      <name value="Daily multiprofessional ward rounds"/>
      <description value="Every Intensive Care Patient is visited daily in multiprofessional ward rounds led by an intensive care specialist."/>
      <isExample value="false"/>
    </resource>
    <resource>
      <extension url="http://hl7.org/fhir/tools/StructureDefinition/resource-information">
        <valueString value="ActivityDefinition"/>
      </extension>
      <reference>
        <reference value="ActivityDefinition/DailyStopOrdersInvasiveDevices"/>
      </reference>
      <name value="Daily Stop-Orders for Invasive Devices"/>
      <description value="All invasive devices have a daily re-evaluation regarding the necessity of each device."/>
      <isExample value="false"/>
    </resource>
    <resource>
      <extension url="http://hl7.org/fhir/tools/StructureDefinition/resource-information">
        <valueString value="ActivityDefinition"/>
      </extension>
      <reference>
        <reference value="ActivityDefinition/DailyTreatmentGoals"/>
      </reference>
      <name value="Daily Treatment Goals"/>
      <description value="Daily Treatment Goals are set at least once every day."/>
      <isExample value="false"/>
    </resource>
    <resource>
      <extension url="http://hl7.org/fhir/tools/StructureDefinition/resource-information">
        <valueString value="ActivityDefinition"/>
      </extension>
      <reference>
        <reference value="ActivityDefinition/DailyWeaningTrials"/>
      </reference>
      <name value="Daily Weaning Trials"/>
      <description value="Weaning trials are performed periodically every day."/>
      <isExample value="false"/>
    </resource>
    <resource>
      <extension url="http://hl7.org/fhir/tools/StructureDefinition/resource-information">
        <valueString value="ActivityDefinition"/>
      </extension>
      <reference>
        <reference value="ActivityDefinition/DeliriumAssessmentEarlyShift"/>
      </reference>
      <name value="Delirium Assessment during Early Shift"/>
      <description value="Delirium should be assessed once between 6 AM and &lt;2 PM every day."/>
      <isExample value="false"/>
    </resource>
    <resource>
      <extension url="http://hl7.org/fhir/tools/StructureDefinition/resource-information">
        <valueString value="ActivityDefinition"/>
      </extension>
      <reference>
        <reference value="ActivityDefinition/DeliriumAssessmentLateShift"/>
      </reference>
      <name value="Delirium Assessment during Late Shift"/>
      <description value="Delirium should be assessed once between 2 AM and &lt;10 PM every day."/>
      <isExample value="false"/>
    </resource>
    <resource>
      <extension url="http://hl7.org/fhir/tools/StructureDefinition/resource-information">
        <valueString value="ActivityDefinition"/>
      </extension>
      <reference>
        <reference value="ActivityDefinition/DeliriumAssessmentNightShift"/>
      </reference>
      <name value="Delirium Assessment during Night Shift"/>
      <description value="Delirium should be assessed once between 10 PM and &lt;6 AM every day."/>
      <isExample value="false"/>
    </resource>
    <resource>
      <extension url="http://hl7.org/fhir/tools/StructureDefinition/resource-information">
        <valueString value="PlanDefinition"/>
      </extension>
      <reference>
        <reference value="PlanDefinition/DischargeWithoutHomeVentilation"/>
      </reference>
      <name value="Discharge with dependence on home ventilation"/>
      <description value="The fraction of patients discharged with dependence on home ventilation should be low."/>
      <isExample value="false"/>
    </resource>
    <resource>
      <extension url="http://hl7.org/fhir/tools/StructureDefinition/resource-information">
        <valueString value="PlanDefinition"/>
      </extension>
      <reference>
        <reference value="PlanDefinition/DIVIQualityIndicator1"/>
      </reference>
      <name value="DIVI Quality Indicator 1"/>
      <description value="DIVI Quality Indicator 1: Daily multiprofessional ward rounds with documentation of treatment goals"/>
      <isExample value="false"/>
    </resource>
    <resource>
      <extension url="http://hl7.org/fhir/tools/StructureDefinition/resource-information">
        <valueString value="PlanDefinition"/>
      </extension>
      <reference>
        <reference value="PlanDefinition/DIVIQualityIndicator2"/>
      </reference>
      <name value="DIVI Quality Indicator 2"/>
      <description value="DIVI Quality Indicator 2: Management of Sedation, Analgesia and Delirium"/>
      <isExample value="false"/>
    </resource>
    <resource>
      <extension url="http://hl7.org/fhir/tools/StructureDefinition/resource-information">
        <valueString value="PlanDefinition"/>
      </extension>
      <reference>
        <reference value="PlanDefinition/DIVIQualityIndicator3"/>
      </reference>
      <name value="DIVI Quality Indicator 3"/>
      <description value="DIVI Quality Indicator 3: Patient-adapted Ventilation"/>
      <isExample value="false"/>
    </resource>
    <resource>
      <extension url="http://hl7.org/fhir/tools/StructureDefinition/resource-information">
        <valueString value="PlanDefinition"/>
      </extension>
      <reference>
        <reference value="PlanDefinition/DIVIQualityIndicator4"/>
      </reference>
      <name value="DIVI Quality Indicator 4"/>
      <description value="DIVI Quality Indicator 4: Early Weaning from Invasive Ventilation"/>
      <isExample value="false"/>
    </resource>
    <resource>
      <extension url="http://hl7.org/fhir/tools/StructureDefinition/resource-information">
        <valueString value="PlanDefinition"/>
      </extension>
      <reference>
        <reference value="PlanDefinition/DIVIQualityIndicator5"/>
      </reference>
      <name value="DIVI Quality Indicator 5"/>
      <description value="DIVI Quality Indicator 5: Infection Prevention"/>
      <isExample value="false"/>
    </resource>
    <resource>
      <extension url="http://hl7.org/fhir/tools/StructureDefinition/resource-information">
        <valueString value="PlanDefinition"/>
      </extension>
      <reference>
        <reference value="PlanDefinition/DIVIQualityIndicator6"/>
      </reference>
      <name value="DIVI Quality Indicator 6"/>
      <description value="DIVI Quality Indicator 6: Infection Management"/>
      <isExample value="false"/>
    </resource>
    <resource>
      <extension url="http://hl7.org/fhir/tools/StructureDefinition/resource-information">
        <valueString value="PlanDefinition"/>
      </extension>
      <reference>
        <reference value="PlanDefinition/DIVIQualityIndicator7"/>
      </reference>
      <name value="DIVI Quality Indicator 7"/>
      <description value="DIVI Quality Indicator 7: Patient-adapted Clinical Nutrition"/>
      <isExample value="false"/>
    </resource>
    <resource>
      <extension url="http://hl7.org/fhir/tools/StructureDefinition/resource-information">
        <valueString value="PlanDefinition"/>
      </extension>
      <reference>
        <reference value="PlanDefinition/DIVIQualityIndicator8"/>
      </reference>
      <name value="DIVI Quality Indicator 8"/>
      <description value="DIVI Quality Indicator 8: Structured Communication with Patients and Relatives"/>
      <isExample value="false"/>
    </resource>
    <resource>
      <extension url="http://hl7.org/fhir/tools/StructureDefinition/resource-information">
        <valueString value="PlanDefinition"/>
      </extension>
      <reference>
        <reference value="PlanDefinition/DIVIQualityIndicator9"/>
      </reference>
      <name value="DIVI Quality Indicator 9"/>
      <description value="DIVI Quality Indicator 9: Early Mobilization"/>
      <isExample value="false"/>
    </resource>
    <resource>
      <extension url="http://hl7.org/fhir/tools/StructureDefinition/resource-information">
        <valueString value="CodeSystem"/>
      </extension>
      <reference>
        <reference value="CodeSystem/divi-qi-s"/>
      </reference>
      <name value="DIVI Sektion Qualitätsverbesserung und Informationstechnologie Qualitätsindikatoren Semantik"/>
      <description value="DIVI Sektion Qualitätsverbesserung und Informationstechnologie Qualitätsindikatoren Semantik"/>
      <isExample value="false"/>
    </resource>
    <resource>
      <extension url="http://hl7.org/fhir/tools/StructureDefinition/resource-information">
        <valueString value="PlanDefinition"/>
      </extension>
      <reference>
        <reference value="PlanDefinition/DrivingPressureLimitation"/>
      </reference>
      <name value="Driving Pressure Limitation"/>
      <description value="Driving Pressure should be limited to a maximum of 15 cmH2O in all invasive ventilated ICU patients with severe ARDS."/>
      <isExample value="false"/>
    </resource>
    <resource>
      <extension url="http://hl7.org/fhir/tools/StructureDefinition/resource-information">
        <valueString value="PlanDefinition"/>
      </extension>
      <reference>
        <reference value="PlanDefinition/EarlyEnteralFeeding"/>
      </reference>
      <name value="Early Enteral Feeding"/>
      <description value="All Intensive Care Patients for which a sufficient oral nutrition is not expected on day one should be started on enteral feeding within 24 hours."/>
      <isExample value="false"/>
    </resource>
    <resource>
      <extension url="http://hl7.org/fhir/tools/StructureDefinition/resource-information">
        <valueString value="ActivityDefinition"/>
      </extension>
      <reference>
        <reference value="ActivityDefinition/FirstCommunicationPatientsRelativesWithin72hours"/>
      </reference>
      <name value="First Communication with Patients and/or their Relatives within 72 hours"/>
      <description value="An initial structured communication with the Patients and/or their Relatives occurs within 72 hours of Admission to Intensive Care."/>
      <isExample value="false"/>
    </resource>
    <resource>
      <extension url="http://hl7.org/fhir/tools/StructureDefinition/resource-information">
        <valueString value="ActivityDefinition"/>
      </extension>
      <reference>
        <reference value="ActivityDefinition/FirstEnteralFeedingWithin24hours"/>
      </reference>
      <name value="First Enteral Feeding Within 24 hours"/>
      <description value="First Enteral Feeding occurs within 24 hours after Admission to Intensive Care."/>
      <isExample value="false"/>
    </resource>
    <resource>
      <extension url="http://hl7.org/fhir/tools/StructureDefinition/resource-information">
        <valueString value="ActivityDefinition"/>
      </extension>
      <reference>
        <reference value="ActivityDefinition/FirstMobilizationWithin24hours"/>
      </reference>
      <name value="First Mobilization within 24 hours"/>
      <description value="First Mobilization occurs within 24 hours after Admission to Intensive Care."/>
      <isExample value="false"/>
    </resource>
    <resource>
      <extension url="http://hl7.org/fhir/tools/StructureDefinition/resource-information">
        <valueString value="PlanDefinition"/>
      </extension>
      <reference>
        <reference value="PlanDefinition/FrequencyBloodCultures"/>
      </reference>
      <name value="Frequency of Blood Cultures"/>
      <description value="The Frequency of Blood Cultures should be at least 80 per 1000 days."/>
      <isExample value="false"/>
    </resource>
    <resource>
      <extension url="http://hl7.org/fhir/tools/StructureDefinition/resource-information">
        <valueString value="ActivityDefinition"/>
      </extension>
      <reference>
        <reference value="ActivityDefinition/FrequentBloodCultures"/>
      </reference>
      <name value="Frequent Blood Cultures"/>
      <description value="The Frequency of Blood Cultures is at least 80 per 1000 days."/>
      <isExample value="false"/>
    </resource>
    <resource>
      <extension url="http://hl7.org/fhir/tools/StructureDefinition/resource-information">
        <valueString value="PlanDefinition"/>
      </extension>
      <reference>
        <reference value="PlanDefinition/HandDisinfectantConsumption"/>
      </reference>
      <name value="Hand Disinfectant Consumption"/>
      <description value="The consumption of hand disinfectant should be more than 80 litres per 1000 days."/>
      <isExample value="false"/>
    </resource>
    <resource>
      <extension url="http://hl7.org/fhir/tools/StructureDefinition/resource-information">
        <valueString value="PlanDefinition"/>
      </extension>
      <reference>
        <reference value="PlanDefinition/AntibioticsIndicationFocusDuration"/>
      </reference>
      <name value="Indication, Focus and Duration of Therapy for Antibiotics"/>
      <description value="All Intensive Care Patients with Antibiotics should have a daily re-evaluation of the Indication, Focus and Duration of Therapy for each Antibiotic."/>
      <isExample value="false"/>
    </resource>
    <resource>
      <extension url="http://hl7.org/fhir/tools/StructureDefinition/resource-information">
        <valueString value="PlanDefinition"/>
      </extension>
      <reference>
        <reference value="PlanDefinition/InfectionDeviceRatio"/>
      </reference>
      <name value="Infection-per-Device Ratio"/>
      <description value="The number of infections per invasive devices is at zero."/>
      <isExample value="false"/>
    </resource>
    <resource>
      <extension url="http://hl7.org/fhir/tools/StructureDefinition/resource-information">
        <valueString value="PlanDefinition"/>
      </extension>
      <reference>
        <reference value="PlanDefinition/InitialMobilization"/>
      </reference>
      <name value="Inital Mobilization"/>
      <description value="All Intensive Care Patients should be mobilized within 24 hours after admission to ICU."/>
      <isExample value="false"/>
    </resource>
    <resource>
      <extension url="http://hl7.org/fhir/tools/StructureDefinition/resource-information">
        <valueString value="PlanDefinition"/>
      </extension>
      <reference>
        <reference value="PlanDefinition/InitialCommunicationPatientsRelatives"/>
      </reference>
      <name value="Inital Structured Communication with Patients and/or Relatives"/>
      <description value="For all Intensive Care Patients, an initial structured communication with the Patients and/or their Relatives should take place within 72 hours of Admission to Intensive Care."/>
      <isExample value="false"/>
    </resource>
    <resource>
      <extension url="http://hl7.org/fhir/tools/StructureDefinition/resource-information">
        <valueString value="ActivityDefinition"/>
      </extension>
      <reference>
        <reference value="ActivityDefinition/NoDischargeWithHomeVentilation"/>
      </reference>
      <name value="No Discharge with Home Ventilation"/>
      <description value="The patient is not discharged with home ventilation."/>
      <isExample value="false"/>
    </resource>
    <resource>
      <extension url="http://hl7.org/fhir/tools/StructureDefinition/resource-information">
        <valueString value="ActivityDefinition"/>
      </extension>
      <reference>
        <reference value="ActivityDefinition/PainAssessmentEarlyShift"/>
      </reference>
      <name value="Pain Assessment during Early Shift"/>
      <description value="Pain should be assessed once between 6 AM and &lt;2 PM every day."/>
      <isExample value="false"/>
    </resource>
    <resource>
      <extension url="http://hl7.org/fhir/tools/StructureDefinition/resource-information">
        <valueString value="ActivityDefinition"/>
      </extension>
      <reference>
        <reference value="ActivityDefinition/PainAssessmentLateShift"/>
      </reference>
      <name value="Pain Assessment during Late Shift"/>
      <description value="Pain should be assessed once between 2 AM and &lt;10 PM every day."/>
      <isExample value="false"/>
    </resource>
    <resource>
      <extension url="http://hl7.org/fhir/tools/StructureDefinition/resource-information">
        <valueString value="ActivityDefinition"/>
      </extension>
      <reference>
        <reference value="ActivityDefinition/PainAssessmentNightShift"/>
      </reference>
      <name value="Pain Assessment during Night Shift"/>
      <description value="Pain should be assessed once between 10 PM and &lt;6 AM every day."/>
      <isExample value="false"/>
    </resource>
    <resource>
      <extension url="http://hl7.org/fhir/tools/StructureDefinition/resource-information">
        <valueString value="PlanDefinition"/>
      </extension>
      <reference>
        <reference value="PlanDefinition/PEEPadjustedToFIO2-21to29"/>
      </reference>
      <name value="PEEP adjusted to FiO2=0.21-0.29"/>
      <description value="PEEP should be adjusted according to the table on ardsnet.org in dependence of the FiO2 required to achieve adequate oxygenation in all ventilated ICU patients with severe ARDS."/>
      <isExample value="false"/>
    </resource>
    <resource>
      <extension url="http://hl7.org/fhir/tools/StructureDefinition/resource-information">
        <valueString value="PlanDefinition"/>
      </extension>
      <reference>
        <reference value="PlanDefinition/PEEPadjustedToFIO2-30to39"/>
      </reference>
      <name value="PEEP adjusted to FiO2=0.30-0.39"/>
      <description value="PEEP should be adjusted according to the table on ardsnet.org in dependence of the FiO2 required to achieve adequate oxygenation in all ventilated ICU patients with severe ARDS."/>
      <isExample value="false"/>
    </resource>
    <resource>
      <extension url="http://hl7.org/fhir/tools/StructureDefinition/resource-information">
        <valueString value="PlanDefinition"/>
      </extension>
      <reference>
        <reference value="PlanDefinition/PEEPadjustedToFIO2-40to49"/>
      </reference>
      <name value="PEEP adjusted to FiO2=0.40-0.49"/>
      <description value="PEEP should be adjusted according to the table on ardsnet.org in dependence of the FiO2 required to achieve adequate oxygenation in all ventilated ICU patients with severe ARDS."/>
      <isExample value="false"/>
    </resource>
    <resource>
      <extension url="http://hl7.org/fhir/tools/StructureDefinition/resource-information">
        <valueString value="PlanDefinition"/>
      </extension>
      <reference>
        <reference value="PlanDefinition/PEEPadjustedToFIO2-50to59"/>
      </reference>
      <name value="PEEP adjusted to FiO2=0.50-0.59"/>
      <description value="PEEP should be adjusted according to the table on ardsnet.org in dependence of the FiO2 required to achieve adequate oxygenation in all ventilated ICU patients with severe ARDS."/>
      <isExample value="false"/>
    </resource>
    <resource>
      <extension url="http://hl7.org/fhir/tools/StructureDefinition/resource-information">
        <valueString value="PlanDefinition"/>
      </extension>
      <reference>
        <reference value="PlanDefinition/PEEPadjustedToFIO2-60to79"/>
      </reference>
      <name value="PEEP adjusted to FiO2=0.60-0.79"/>
      <description value="PEEP should be adjusted according to the table on ardsnet.org in dependence of the FiO2 required to achieve adequate oxygenation in all ventilated ICU patients with severe ARDS."/>
      <isExample value="false"/>
    </resource>
    <resource>
      <extension url="http://hl7.org/fhir/tools/StructureDefinition/resource-information">
        <valueString value="PlanDefinition"/>
      </extension>
      <reference>
        <reference value="PlanDefinition/PEEPadjustedToFIO2-80to99"/>
      </reference>
      <name value="PEEP adjusted to FiO2=0.80-0.99"/>
      <description value="PEEP should be adjusted according to the table on ardsnet.org in dependence of the FiO2 required to achieve adequate oxygenation in all ventilated ICU patients with severe ARDS."/>
      <isExample value="false"/>
    </resource>
    <resource>
      <extension url="http://hl7.org/fhir/tools/StructureDefinition/resource-information">
        <valueString value="PlanDefinition"/>
      </extension>
      <reference>
        <reference value="PlanDefinition/PEEPadjustedToFIO2-100"/>
      </reference>
      <name value="PEEP adjusted to FiO2=1.00"/>
      <description value="PEEP should be adjusted according to the table on ardsnet.org in dependence of the FiO2 required to achieve adequate oxygenation in all ventilated ICU patients with severe ARDS."/>
      <isExample value="false"/>
    </resource>
    <resource>
      <extension url="http://hl7.org/fhir/tools/StructureDefinition/resource-information">
        <valueString value="PlanDefinition"/>
      </extension>
      <reference>
        <reference value="PlanDefinition/PeriodicAssessmentOfSedationAnalgesiaDelirium"/>
      </reference>
      <name value="Periodic Assessment of Sedation Level, Analgesia Level and Delirium Status"/>
      <description value="Sedation Level, Analgesia Level and Delirium Status should be assessed at least once in each shift (time-slots 6-14, 14-22, 22-6) in all Intensive Care Patients."/>
      <isExample value="false"/>
    </resource>
    <resource>
      <extension url="http://hl7.org/fhir/tools/StructureDefinition/resource-information">
        <valueString value="PlanDefinition"/>
      </extension>
      <reference>
        <reference value="PlanDefinition/PeriodicMobilization"/>
      </reference>
      <name value="Periodic Mobilization"/>
      <description value="All Intensive Care Patients that don't have a no-mobilization order should be mobilized at least once every day."/>
      <isExample value="false"/>
    </resource>
    <resource>
      <extension url="http://hl7.org/fhir/tools/StructureDefinition/resource-information">
        <valueString value="PlanDefinition"/>
      </extension>
      <reference>
        <reference value="PlanDefinition/PeriodicCommunicationPatientsRelatives"/>
      </reference>
      <name value="Periodic Structured Communication with Patients and/or Relatives"/>
      <description value="For all Intensive Care Patients, at least one structured communication with the Patients and/or their Relatives should take place every week."/>
      <isExample value="false"/>
    </resource>
    <resource>
      <extension url="http://hl7.org/fhir/tools/StructureDefinition/resource-information">
        <valueString value="PlanDefinition"/>
      </extension>
      <reference>
        <reference value="PlanDefinition/PlateauPressureLimitation"/>
      </reference>
      <name value="Plateau Pressure Limitation"/>
      <description value="Plateau Pressure should be limited to a maximum of 30 cmH2O in all invasive ventilated ICU patients with severe ARDS."/>
      <isExample value="false"/>
    </resource>
    <resource>
      <extension url="http://hl7.org/fhir/tools/StructureDefinition/resource-information">
        <valueString value="PlanDefinition"/>
      </extension>
      <reference>
        <reference value="PlanDefinition/PenumoniaVentilatedPatientRatio"/>
      </reference>
      <name value="Pneumonia-per-Ventilated-Patients Ratio"/>
      <description value="The number of pneumonia cases per ventilated patients should be low."/>
      <isExample value="false"/>
    </resource>
    <resource>
      <extension url="http://hl7.org/fhir/tools/StructureDefinition/resource-information">
        <valueString value="EvidenceVariable"/>
      </extension>
      <reference>
        <reference value="EvidenceVariable/IntensiveCarePatients"/>
      </reference>
      <name value="Population: Intensive Care Patients"/>
      <description value="Intensive Care Patients"/>
      <isExample value="false"/>
    </resource>
    <resource>
      <extension url="http://hl7.org/fhir/tools/StructureDefinition/resource-information">
        <valueString value="EvidenceVariable"/>
      </extension>
      <reference>
        <reference value="EvidenceVariable/IntensiveCarePatients-ClinicallyFed-NoAdipositas"/>
      </reference>
      <name value="Population: Intensive Care Patients that are clinically fed and have no Adipositas"/>
      <description value="Intensive Care Patients that are clinically fed and have no Adipositas"/>
      <isExample value="false"/>
    </resource>
    <resource>
      <extension url="http://hl7.org/fhir/tools/StructureDefinition/resource-information">
        <valueString value="EvidenceVariable"/>
      </extension>
      <reference>
        <reference value="EvidenceVariable/IntensiveCarePatients-Antibiotic"/>
      </reference>
      <name value="Population: Intensive Care Patients with at least one antibiotic"/>
      <description value="Intensive Care Patients with at least one antibiotic"/>
      <isExample value="false"/>
    </resource>
    <resource>
      <extension url="http://hl7.org/fhir/tools/StructureDefinition/resource-information">
        <valueString value="EvidenceVariable"/>
      </extension>
      <reference>
        <reference value="EvidenceVariable/IntensiveCarePatients-InvasiveDevice"/>
      </reference>
      <name value="Population: Intensive Care Patients with at least one invasive device"/>
      <description value="Intensive Care Patients with at least one invasive device"/>
      <isExample value="false"/>
    </resource>
    <resource>
      <extension url="http://hl7.org/fhir/tools/StructureDefinition/resource-information">
        <valueString value="EvidenceVariable"/>
      </extension>
      <reference>
        <reference value="EvidenceVariable/IntensiveCarePatients-IntensiveCareLongerThanThreeDays"/>
      </reference>
      <name value="Population: Intensive Care Patients with Intensive Care Treatment Longer Than Three Days"/>
      <description value="Intensive Care Patients with Intensive Care Treatment Longer Than Three Days"/>
      <isExample value="false"/>
    </resource>
    <resource>
      <extension url="http://hl7.org/fhir/tools/StructureDefinition/resource-information">
        <valueString value="EvidenceVariable"/>
      </extension>
      <reference>
        <reference value="EvidenceVariable/IntensiveCarePatients-InvasiveVentilation"/>
      </reference>
      <name value="Population: Intensive Care Patients with Invasive Ventilation"/>
      <description value="Intensive Care Patients with Invasive Ventilation"/>
      <isExample value="false"/>
    </resource>
    <resource>
      <extension url="http://hl7.org/fhir/tools/StructureDefinition/resource-information">
        <valueString value="EvidenceVariable"/>
      </extension>
      <reference>
        <reference value="EvidenceVariable/IntensiveCarePatients-InvasiveVentilation-NoHomeVentilation"/>
      </reference>
      <name value="Population: Intensive Care Patients with Invasive Ventilation and no Home Ventilation"/>
      <description value="Intensive Care Patients with Invasive Ventilation and no Home Ventilation"/>
      <isExample value="false"/>
    </resource>
    <resource>
      <extension url="http://hl7.org/fhir/tools/StructureDefinition/resource-information">
        <valueString value="EvidenceVariable"/>
      </extension>
      <reference>
        <reference value="EvidenceVariable/IntensiveCarePatients-PredictedInsufficientEnergyIntake"/>
      </reference>
      <name value="Population: Intensive Care Patients with Predicted Insufficient Energy Intake"/>
      <description value="Intensive Care Patients with Predicted Insufficient Energy Intake"/>
      <isExample value="false"/>
    </resource>
    <resource>
      <extension url="http://hl7.org/fhir/tools/StructureDefinition/resource-information">
        <valueString value="EvidenceVariable"/>
      </extension>
      <reference>
        <reference value="EvidenceVariable/IntensiveCarePatients-SevereARDS-InvasiveVentilation"/>
      </reference>
      <name value="Population: Intensive Care Patients with Severe ARDS and Invasive Ventilation"/>
      <description value="Intensive Care Patients with Severe ARDS and Invasive Ventilation"/>
      <isExample value="false"/>
    </resource>
    <resource>
      <extension url="http://hl7.org/fhir/tools/StructureDefinition/resource-information">
        <valueString value="EvidenceVariable"/>
      </extension>
      <reference>
        <reference value="EvidenceVariable/IntensiveCarePatients-SevereARDS-InvasiveVentilation-FiO2-21to29"/>
      </reference>
      <name value="Population: Intensive Care Patients with Severe ARDS and Invasive Ventilation with FiO2=0.21-0.29"/>
      <description value="Intensive Care Patients with Severe ARDS and Invasive Ventilation with FiO2=0.21-0.29"/>
      <isExample value="false"/>
    </resource>
    <resource>
      <extension url="http://hl7.org/fhir/tools/StructureDefinition/resource-information">
        <valueString value="EvidenceVariable"/>
      </extension>
      <reference>
        <reference value="EvidenceVariable/IntensiveCarePatients-SevereARDS-InvasiveVentilation-FiO2-30to39"/>
      </reference>
      <name value="Population: Intensive Care Patients with Severe ARDS and Invasive Ventilation with FiO2=0.30-0.39"/>
      <description value="Intensive Care Patients with Severe ARDS and Invasive Ventilation with FiO2=0.30-0.39"/>
      <isExample value="false"/>
    </resource>
    <resource>
      <extension url="http://hl7.org/fhir/tools/StructureDefinition/resource-information">
        <valueString value="EvidenceVariable"/>
      </extension>
      <reference>
        <reference value="EvidenceVariable/IntensiveCarePatients-SevereARDS-InvasiveVentilation-FiO2-40to49"/>
      </reference>
      <name value="Population: Intensive Care Patients with Severe ARDS and Invasive Ventilation with FiO2=0.40-0.49"/>
      <description value="Intensive Care Patients with Severe ARDS and Invasive Ventilation with FiO2=0.40-0.49"/>
      <isExample value="false"/>
    </resource>
    <resource>
      <extension url="http://hl7.org/fhir/tools/StructureDefinition/resource-information">
        <valueString value="EvidenceVariable"/>
      </extension>
      <reference>
        <reference value="EvidenceVariable/IntensiveCarePatients-SevereARDS-InvasiveVentilation-FiO2-50to59"/>
      </reference>
      <name value="Population: Intensive Care Patients with Severe ARDS and Invasive Ventilation with FiO2=0.50-0.59"/>
      <description value="Intensive Care Patients with Severe ARDS and Invasive Ventilation with FiO2=0.50-0.59"/>
      <isExample value="false"/>
    </resource>
    <resource>
      <extension url="http://hl7.org/fhir/tools/StructureDefinition/resource-information">
        <valueString value="EvidenceVariable"/>
      </extension>
      <reference>
        <reference value="EvidenceVariable/IntensiveCarePatients-SevereARDS-InvasiveVentilation-FiO2-60to79"/>
      </reference>
      <name value="Population: Intensive Care Patients with Severe ARDS and Invasive Ventilation with FiO2=0.60-0.79"/>
      <description value="Intensive Care Patients with Severe ARDS and Invasive Ventilation with FiO2=0.60-0.79"/>
      <isExample value="false"/>
    </resource>
    <resource>
      <extension url="http://hl7.org/fhir/tools/StructureDefinition/resource-information">
        <valueString value="EvidenceVariable"/>
      </extension>
      <reference>
        <reference value="EvidenceVariable/IntensiveCarePatients-SevereARDS-InvasiveVentilation-FiO2-80to99"/>
      </reference>
      <name value="Population: Intensive Care Patients with Severe ARDS and Invasive Ventilation with FiO2=0.80-0.99"/>
      <description value="Intensive Care Patients with Severe ARDS and Invasive Ventilation with FiO2=0.80-0.99"/>
      <isExample value="false"/>
    </resource>
    <resource>
      <extension url="http://hl7.org/fhir/tools/StructureDefinition/resource-information">
        <valueString value="EvidenceVariable"/>
      </extension>
      <reference>
        <reference value="EvidenceVariable/IntensiveCarePatients-SevereARDS-InvasiveVentilation-FiO2-100"/>
      </reference>
      <name value="Population: Intensive Care Patients with Severe ARDS and Invasive Ventilation with FiO2=1.00"/>
      <description value="Intensive Care Patients with Severe ARDS and Invasive Ventilation with FiO2=1.00"/>
      <isExample value="false"/>
    </resource>
    <resource>
      <extension url="http://hl7.org/fhir/tools/StructureDefinition/resource-information">
        <valueString value="EvidenceVariable"/>
      </extension>
      <reference>
        <reference value="EvidenceVariable/IntensiveCarePatients-WithOut-NoMobilizationOrder"/>
      </reference>
      <name value="Population: Intensive Care Patients without a no-mobilization order"/>
      <description value="Intensive Care Patients without a no-mobilization order"/>
      <isExample value="false"/>
    </resource>
    <resource>
      <extension url="http://hl7.org/fhir/tools/StructureDefinition/resource-information">
        <valueString value="ActivityDefinition"/>
      </extension>
      <reference>
        <reference value="ActivityDefinition/SedationAssessmentEarlyShift"/>
      </reference>
      <name value="Sedation Assessment during Early Shift"/>
      <description value="Sedation should be assessed once between 6 AM and &lt;2 PM every day."/>
      <isExample value="false"/>
    </resource>
    <resource>
      <extension url="http://hl7.org/fhir/tools/StructureDefinition/resource-information">
        <valueString value="ActivityDefinition"/>
      </extension>
      <reference>
        <reference value="ActivityDefinition/SedationAssessmentLateShift"/>
      </reference>
      <name value="Sedation Assessment during Late Shift"/>
      <description value="Sedation should be assessed once between 2 AM and &lt;10 PM every day."/>
      <isExample value="false"/>
    </resource>
    <resource>
      <extension url="http://hl7.org/fhir/tools/StructureDefinition/resource-information">
        <valueString value="ActivityDefinition"/>
      </extension>
      <reference>
        <reference value="ActivityDefinition/SedationAssessmentNightShift"/>
      </reference>
      <name value="Sedation Assessment during Night Shift"/>
      <description value="Sedation should be assessed once between 10 PM and &lt;6 AM every day."/>
      <isExample value="false"/>
    </resource>
    <resource>
      <extension url="http://hl7.org/fhir/tools/StructureDefinition/resource-information">
        <valueString value="PlanDefinition"/>
      </extension>
      <reference>
        <reference value="PlanDefinition/SedationLevelAnalgesiaLevelDeliriumStatusInAcceptableRanges"/>
      </reference>
      <name value="Sedation Level, Analgesia Level and Delirium Status in acceptable ranges."/>
      <description value="Sedation Level, Analgesia Level and Delirium Status should be in acceptable ranges."/>
      <isExample value="false"/>
    </resource>
    <resource>
      <extension url="http://hl7.org/fhir/tools/StructureDefinition/resource-information">
        <valueString value="PlanDefinition"/>
      </extension>
      <reference>
        <reference value="PlanDefinition/StopOdersInvasiveDevices"/>
      </reference>
      <name value="Stop Orders for Invasive Devices"/>
      <description value="All Intensive Care Patients with invasive devices should have a daily re-evaluation regarding the necessity of each device."/>
      <isExample value="false"/>
    </resource>
    <resource>
      <extension url="http://hl7.org/fhir/tools/StructureDefinition/resource-information">
        <valueString value="PlanDefinition"/>
      </extension>
      <reference>
        <reference value="PlanDefinition/SufficientFeeding"/>
      </reference>
      <name value="Sufficient Feeding in Non-Adipose Patients"/>
      <description value="Every day, all Non-Adipose Intensive Care Patients should receive the amount of Calories that match their daily individual requirements."/>
      <isExample value="false"/>
    </resource>
    <resource>
      <extension url="http://hl7.org/fhir/tools/StructureDefinition/resource-information">
        <valueString value="ActivityDefinition"/>
      </extension>
      <reference>
        <reference value="ActivityDefinition/DailySufficientFeeding"/>
      </reference>
      <name value="The daily calorie intake is sufficient"/>
      <description value="The daily amount of calories matches the individual requirements."/>
      <isExample value="false"/>
    </resource>
    <resource>
      <extension url="http://hl7.org/fhir/tools/StructureDefinition/resource-information">
        <valueString value="PlanDefinition"/>
      </extension>
      <reference>
        <reference value="PlanDefinition/TidalVolumeLimitation"/>
      </reference>
      <name value="Tidal Volume Limitation"/>
      <description value="Tidal volume should be limited to a maximum of 6 ml/kg ideal body weight in all invasive ventilated ICU patients with severe ARDS."/>
      <isExample value="false"/>
    </resource>
    <resource>
      <extension url="http://hl7.org/fhir/tools/StructureDefinition/resource-information">
        <valueString value="ActivityDefinition"/>
      </extension>
      <reference>
        <reference value="ActivityDefinition/WeeklyCommunicationPatientsRelatives"/>
      </reference>
      <name value="Weekly Communication with Patients and Relatives"/>
      <description value="At least one structured communication with the Patients and/or their Relatives takes place every week."/>
      <isExample value="false"/>
    </resource>
    <page>
      <sourceUrl value="toc.html"/>
      <name value="toc.html"/>
      <title value="Table of Contents"/>
      <generation value="html"/>
      <page>
        <sourceUrl value="index.html"/>
        <name value="index.html"/>
        <title value="CPG-on-EBMonFHIR template"/>
        <generation value="markdown"/>
      </page>
      <page>
        <sourceUrl value="downloads.html"/>
        <name value="downloads.html"/>
        <title value="Downloads"/>
        <generation value="html"/>
      </page>
      <page>
        <sourceUrl value="changelog.html"/>
        <name value="changelog.html"/>
        <title value="Change Log"/>
        <generation value="markdown"/>
      </page>
    </page>
    <parameter>
      <code>
        <system value="http://hl7.org/fhir/tools/CodeSystem/ig-parameters"/>
        <code value="copyrightyear"/>
      </code>
      <value value="2023+"/>
    </parameter>
    <parameter>
      <code>
        <system value="http://hl7.org/fhir/tools/CodeSystem/ig-parameters"/>
        <code value="releaselabel"/>
      </code>
      <value value="ci-build"/>
    </parameter>
    <parameter>
      <code>
        <system value="http://hl7.org/fhir/tools/CodeSystem/ig-parameters"/>
        <code value="active-tables"/>
      </code>
      <value value="true"/>
    </parameter>
    <parameter>
      <code>
        <system value="http://hl7.org/fhir/tools/CodeSystem/ig-parameters"/>
        <code value="apply-contact"/>
      </code>
      <value value="false"/>
    </parameter>
    <parameter>
      <code>
        <system value="http://hl7.org/fhir/tools/CodeSystem/ig-parameters"/>
        <code value="apply-jurisdiction"/>
      </code>
      <value value="false"/>
    </parameter>
    <parameter>
      <code>
        <system value="http://hl7.org/fhir/tools/CodeSystem/ig-parameters"/>
        <code value="apply-publisher"/>
      </code>
      <value value="false"/>
    </parameter>
    <parameter>
      <code>
        <system value="http://hl7.org/fhir/tools/CodeSystem/ig-parameters"/>
        <code value="apply-version"/>
      </code>
      <value value="false"/>
    </parameter>
    <parameter>
      <code>
        <system value="http://hl7.org/fhir/tools/CodeSystem/ig-parameters"/>
        <code value="show-inherited-invariants"/>
      </code>
      <value value="false"/>
    </parameter>
    <parameter>
      <code>
        <system value="http://hl7.org/fhir/tools/CodeSystem/ig-parameters"/>
        <code value="usage-stats-opt-out"/>
      </code>
      <value value="true"/>
    </parameter>
    <parameter>
      <code>
        <system value="http://hl7.org/fhir/tools/CodeSystem/ig-parameters"/>
        <code value="excludexml"/>
      </code>
      <value value="false"/>
    </parameter>
    <parameter>
      <code>
        <system value="http://hl7.org/fhir/tools/CodeSystem/ig-parameters"/>
        <code value="excludejsn"/>
      </code>
      <value value="false"/>
    </parameter>
    <parameter>
      <code>
        <system value="http://hl7.org/fhir/tools/CodeSystem/ig-parameters"/>
        <code value="excludettl"/>
      </code>
      <value value="true"/>
    </parameter>
    <parameter>
      <code>
        <system value="http://hl7.org/fhir/tools/CodeSystem/ig-parameters"/>
        <code value="excludemap"/>
      </code>
      <value value="true"/>
    </parameter>
    <parameter>
      <code>
        <system value="http://hl7.org/fhir/tools/CodeSystem/ig-parameters"/>
        <code value="excludeexample"/>
      </code>
      <value value="true"/>
    </parameter>
    <parameter>
      <code>
        <system value="http://hl7.org/fhir/tools/CodeSystem/ig-parameters"/>
        <code value="extension-domain"/>
      </code>
      <value value="https://www.netzwerk-universitaetsmedizin.de"/>
    </parameter>
    <parameter>
      <code>
        <system value="http://hl7.org/fhir/tools/CodeSystem/ig-parameters"/>
        <code value="extension-domain"/>
      </code>
      <value value="https://simplifier.net"/>
    </parameter>
    <parameter>
      <code>
        <system value="http://hl7.org/fhir/tools/CodeSystem/ig-parameters"/>
        <code value="autoload-resources"/>
      </code>
      <value value="true"/>
    </parameter>
    <parameter>
      <code>
        <system value="http://hl7.org/fhir/guide-parameter-code"/>
        <code value="path-resource"/>
      </code>
      <value value="input/capabilities"/>
    </parameter>
    <parameter>
      <code>
        <system value="http://hl7.org/fhir/guide-parameter-code"/>
        <code value="path-resource"/>
      </code>
      <value value="input/examples"/>
    </parameter>
    <parameter>
      <code>
        <system value="http://hl7.org/fhir/guide-parameter-code"/>
        <code value="path-resource"/>
      </code>
      <value value="input/extensions"/>
    </parameter>
    <parameter>
      <code>
        <system value="http://hl7.org/fhir/guide-parameter-code"/>
        <code value="path-resource"/>
      </code>
      <value value="input/models"/>
    </parameter>
    <parameter>
      <code>
        <system value="http://hl7.org/fhir/guide-parameter-code"/>
        <code value="path-resource"/>
      </code>
      <value value="input/operations"/>
    </parameter>
    <parameter>
      <code>
        <system value="http://hl7.org/fhir/guide-parameter-code"/>
        <code value="path-resource"/>
      </code>
      <value value="input/profiles"/>
    </parameter>
    <parameter>
      <code>
        <system value="http://hl7.org/fhir/guide-parameter-code"/>
        <code value="path-resource"/>
      </code>
      <value value="input/resources"/>
    </parameter>
    <parameter>
      <code>
        <system value="http://hl7.org/fhir/guide-parameter-code"/>
        <code value="path-resource"/>
      </code>
      <value value="input/vocabulary"/>
    </parameter>
    <parameter>
      <code>
        <system value="http://hl7.org/fhir/guide-parameter-code"/>
        <code value="path-resource"/>
      </code>
      <value value="input/maps"/>
    </parameter>
    <parameter>
      <code>
        <system value="http://hl7.org/fhir/guide-parameter-code"/>
        <code value="path-resource"/>
      </code>
      <value value="input/testing"/>
    </parameter>
    <parameter>
      <code>
        <system value="http://hl7.org/fhir/guide-parameter-code"/>
        <code value="path-resource"/>
      </code>
      <value value="input/history"/>
    </parameter>
    <parameter>
      <code>
        <system value="http://hl7.org/fhir/guide-parameter-code"/>
        <code value="path-resource"/>
      </code>
      <value value="fsh-generated/resources"/>
    </parameter>
    <parameter>
      <code>
        <system value="http://hl7.org/fhir/guide-parameter-code"/>
        <code value="path-pages"/>
      </code>
      <value value="template/config"/>
    </parameter>
    <parameter>
      <code>
        <system value="http://hl7.org/fhir/guide-parameter-code"/>
        <code value="path-pages"/>
      </code>
      <value value="input/images"/>
    </parameter>
    <parameter>
      <code>
        <system value="http://hl7.org/fhir/tools/CodeSystem/ig-parameters"/>
        <code value="path-liquid"/>
      </code>
      <value value="template/liquid"/>
    </parameter>
    <parameter>
      <code>
        <system value="http://hl7.org/fhir/tools/CodeSystem/ig-parameters"/>
        <code value="path-liquid"/>
      </code>
      <value value="input/liquid"/>
    </parameter>
    <parameter>
      <code>
        <system value="http://hl7.org/fhir/tools/CodeSystem/ig-parameters"/>
        <code value="path-qa"/>
      </code>
      <value value="temp/qa"/>
    </parameter>
    <parameter>
      <code>
        <system value="http://hl7.org/fhir/tools/CodeSystem/ig-parameters"/>
        <code value="path-temp"/>
      </code>
      <value value="temp/pages"/>
    </parameter>
    <parameter>
      <code>
        <system value="http://hl7.org/fhir/tools/CodeSystem/ig-parameters"/>
        <code value="path-output"/>
      </code>
      <value value="output"/>
    </parameter>
    <parameter>
      <code>
        <system value="http://hl7.org/fhir/guide-parameter-code"/>
        <code value="path-tx-cache"/>
      </code>
      <value value="input-cache/txcache"/>
    </parameter>
    <parameter>
      <code>
        <system value="http://hl7.org/fhir/tools/CodeSystem/ig-parameters"/>
        <code value="path-suppressed-warnings"/>
      </code>
      <value value="input/ignoreWarnings.txt"/>
    </parameter>
    <parameter>
      <code>
        <system value="http://hl7.org/fhir/tools/CodeSystem/ig-parameters"/>
        <code value="path-history"/>
      </code>
      <value value="https://www.netzwerk-universitaetsmedizin.de/fhir/cpg-on-ebmonfhir/example/history.html"/>
    </parameter>
    <parameter>
      <code>
        <system value="http://hl7.org/fhir/tools/CodeSystem/ig-parameters"/>
        <code value="template-html"/>
      </code>
      <value value="template-page.html"/>
    </parameter>
    <parameter>
      <code>
        <system value="http://hl7.org/fhir/tools/CodeSystem/ig-parameters"/>
        <code value="template-md"/>
      </code>
      <value value="template-page-md.html"/>
    </parameter>
    <parameter>
      <code>
        <system value="http://hl7.org/fhir/tools/CodeSystem/ig-parameters"/>
        <code value="apply-context"/>
      </code>
      <value value="true"/>
    </parameter>
    <parameter>
      <code>
        <system value="http://hl7.org/fhir/tools/CodeSystem/ig-parameters"/>
        <code value="apply-copyright"/>
      </code>
      <value value="true"/>
    </parameter>
    <parameter>
      <code>
        <system value="http://hl7.org/fhir/tools/CodeSystem/ig-parameters"/>
        <code value="apply-license"/>
      </code>
      <value value="true"/>
    </parameter>
    <parameter>
      <code>
        <system value="http://hl7.org/fhir/tools/CodeSystem/ig-parameters"/>
        <code value="apply-wg"/>
      </code>
      <value value="true"/>
    </parameter>
    <parameter>
      <code>
        <system value="http://hl7.org/fhir/tools/CodeSystem/ig-parameters"/>
        <code value="fmm-definition"/>
      </code>
      <value value="http://hl7.org/fhir/versions.html#maturity"/>
    </parameter>
    <parameter>
      <code>
        <system value="http://hl7.org/fhir/tools/CodeSystem/ig-parameters"/>
        <code value="propagate-status"/>
      </code>
      <value value="true"/>
    </parameter>
    <parameter>
      <code>
        <system value="http://hl7.org/fhir/tools/CodeSystem/ig-parameters"/>
        <code value="excludelogbinaryformat"/>
      </code>
      <value value="true"/>
    </parameter>
    <parameter>
      <code>
        <system value="http://hl7.org/fhir/tools/CodeSystem/ig-parameters"/>
        <code value="tabbed-snapshots"/>
      </code>
      <value value="true"/>
    </parameter>
  </definition>
</ImplementationGuide>