<?xml version="1.0" encoding="UTF-8"?>

<PlanDefinition xmlns="http://hl7.org/fhir">
  <id value="DIVIQualityIndicator2"/>
  <meta>
    <profile value="https://www.netzwerk-universitaetsmedizin.de/fhir/cpg-on-ebm-on-fhir/StructureDefinition/recommendation"/>
  </meta>
  <text>
    <status value="generated"/><div xmlns="http://www.w3.org/1999/xhtml"><p class="res-header-id"><b>Generated Narrative: PlanDefinition DIVIQualityIndicator2</b></p><a name="DIVIQualityIndicator2"> </a><a name="hcDIVIQualityIndicator2"> </a><a name="DIVIQualityIndicator2-en-US"> </a><p><b>url</b>: <a href="PlanDefinition-DIVIQualityIndicator2.html">PlanDefinition DIVI Quality Indicator 2</a></p><p><b>version</b>: 1.0</p><p><b>name</b>: DiVI_QualityIndicator_2</p><p><b>title</b>: DIVI Quality Indicator 2</p><p><b>type</b>: <span title="Codes:{http://terminology.hl7.org/CodeSystem/plan-definition-type workflow-definition}">Workflow Definition</span></p><p><b>status</b>: Active</p><p><b>experimental</b>: true</p><p><b>date</b>: 2024-03-29</p><p><b>publisher</b>: Deutsche Interdisziplinäre Vereinigung für Intensiv- und Notfallmedizin (DIVI)</p><p><b>description</b>: </p><div><p>DIVI Quality Indicator 2: Management of Sedation, Analgesia and Delirium</p>
</div><blockquote><p><b>action</b></p><p><b>title</b>: DIVI Quality Indicator 2a: Periodic Assessment of Sedation, Analgesia and Delirium in all Intensive Care Patients</p><p><b>description</b>: </p><div><p>Sedation Level, Analgesia Level and Delirium Status should be assessed at least once in each shift (time-slots 6-14, 14-22, 22-6) in all Intensive Care Patients.</p>
</div><p><b>code</b>: <span title="Codes:{http://hl7.org/fhir/uv/cpg/CodeSystem/cpg-common-process guideline-based-care}">Guideline-based Care</span></p><p><b>definition</b>: <a href="PlanDefinition-PeriodicAssessmentOfSedationAnalgesiaDelirium.html">Periodic Assessment of Sedation Level, Analgesia Level and Delirium Status</a></p></blockquote><blockquote><p><b>action</b></p><p><b>title</b>: DIVI Quality Indicator 2b: Sedation Level, Analgesia Level, Delirium Status</p><p><b>description</b>: </p><div><p>Sedation Level, Analgesia Level and Delirium Status should be in acceptable ranges in all Intensive Care Patients.</p>
</div><p><b>code</b>: <span title="Codes:{http://hl7.org/fhir/uv/cpg/CodeSystem/cpg-common-process guideline-based-care}">Guideline-based Care</span></p><p><b>definition</b>: <a href="PlanDefinition-SedationLevelAnalgesiaLevelDeliriumStatusInAcceptableRanges.html">Sedation Level, Analgesia Level and Delirium Status in acceptable ranges.</a></p></blockquote></div>
  </text>
  <extension url="http://hl7.org/fhir/uv/cpg/StructureDefinition/cpg-knowledgeCapability">
    <valueCode value="computable"/>
  </extension>
  <extension url="http://hl7.org/fhir/uv/cpg/StructureDefinition/cpg-knowledgeRepresentationLevel">
    <valueCode value="structured"/>
  </extension>
  <extension url="https://www.netzwerk-universitaetsmedizin.de/fhir/cpg-on-ebm-on-fhir/StructureDefinition/ext-action-combination-method">
    <extension url="method">
      <valueCodeableConcept>
        <coding>
          <system value="https://www.netzwerk-universitaetsmedizin.de/fhir/cpg-on-ebm-on-fhir/CodeSystem/cs-action-combination-method"/>
          <code value="all"/>
        </coding>
      </valueCodeableConcept>
    </extension>
  </extension>
  <url value="https://www.netzwerk-universitaetsmedizin.de/fhir/codex-celida/guideline/DIVI-DigiQIs/recommendation/DIVI-QualityIndicator-2"/>
  <version value="1.0"/>
  <name value="DiVI_QualityIndicator_2"/>
  <title value="DIVI Quality Indicator 2"/>
  <type>
    <coding>
      <system value="http://terminology.hl7.org/CodeSystem/plan-definition-type"/>
      <code value="workflow-definition"/>
    </coding>
  </type>
  <status value="active"/>
  <experimental value="true"/>
  <date value="2024-03-29"/>
  <publisher value="Deutsche Interdisziplinäre Vereinigung für Intensiv- und Notfallmedizin (DIVI)"/>
  <description value="DIVI Quality Indicator 2: Management of Sedation, Analgesia and Delirium"/>
  <action>
    <title value="DIVI Quality Indicator 2a: Periodic Assessment of Sedation, Analgesia and Delirium in all Intensive Care Patients"/>
    <description value="Sedation Level, Analgesia Level and Delirium Status should be assessed at least once in each shift (time-slots 6-14, 14-22, 22-6) in all Intensive Care Patients."/>
    <code>
      <coding>
        <system value="http://hl7.org/fhir/uv/cpg/CodeSystem/cpg-common-process"/>
        <code value="guideline-based-care"/>
      </coding>
    </code>
    <definitionCanonical value="https://www.netzwerk-universitaetsmedizin.de/fhir/codex-celida/guideline/DIVI-DigiQIs/intervention/periodic-assessment_sedation_analgesia_delirium"/>
  </action>
  <action>
    <title value="DIVI Quality Indicator 2b: Sedation Level, Analgesia Level, Delirium Status"/>
    <description value="Sedation Level, Analgesia Level and Delirium Status should be in acceptable ranges in all Intensive Care Patients."/>
    <code>
      <coding>
        <system value="http://hl7.org/fhir/uv/cpg/CodeSystem/cpg-common-process"/>
        <code value="guideline-based-care"/>
      </coding>
    </code>
    <definitionCanonical value="https://www.netzwerk-universitaetsmedizin.de/fhir/codex-celida/guideline/DIVI-DigiQIs/intervention/Sedation-Level_Analgesia-Level_Delirium-Status_In-Acceptable-Ranges"/>
  </action>
</PlanDefinition>