<?xml version="1.0" encoding="UTF-8"?><ActivityDefinition xmlns="http://hl7.org/fhir"><id value="SedationAssessmentNightShift"/><url value="https://www.netzwerk-universitaetsmedizin.de/fhir/codex-celida/guideline/DIVI-DigiQIs/recommended-action/sedation-assessment-night-shift"/><version value="7.0"/><name value="SedationAssessmentNightShift"/><title value="Sedation Assessment during Night Shift"/><status value="active"/><experimental value="true"/><date value="2024-08-12T09:30:16+00:00"/><publisher value="NUM CODEX+ CELIDA"/><description value="Sedation should be assessed once between 10 PM and &lt;6 AM every day."/><code><coding><system value="http://snomed.info/sct"/><version value="http://snomed.info/sct/83821000000107/version/20230412"/><code value="851211000000105"/><display value="Assessment of Sedation Level"/></coding></code><timingTiming><repeat><frequency value="1"/><period value="1"/><periodUnit value="d"/></repeat></timingTiming></ActivityDefinition>