<?xml version="1.0" encoding="UTF-8"?><ActivityDefinition xmlns="http://hl7.org/fhir"><id value="DailySufficientFeeding"/><url value="https://www.netzwerk-universitaetsmedizin.de/fhir/codex-celida/guideline/DIVI-DigiQIs/recommended-action/daily-sufficient-feeding"/><version value="7.0"/><name value="DailySufficientFeeding"/><title value="The daily calorie intake is sufficient"/><status value="active"/><experimental value="true"/><date value="2024-08-12T09:30:16+00:00"/><publisher value="NUM CODEX+ CELIDA"/><description value="The daily amount of calories matches the individual requirements."/><code><coding><system value="http://snomed.info/sct"/><code value="787787004"/><display value="Calorie Intake"/></coding></code><timingTiming><repeat><frequency value="1"/><period value="1"/><periodUnit value="d"/></repeat></timingTiming></ActivityDefinition>