<?xml version="1.0" encoding="UTF-8"?><ActivityDefinition xmlns="http://hl7.org/fhir"><id value="DailyAssessmentAntibioticIndication"/><url value="https://www.netzwerk-universitaetsmedizin.de/fhir/codex-celida/guideline/DIVI-DigiQIs/recommended-action/daily-assessment-antibiotic-indication"/><version value="7.0"/><name value="DailyAssessmentAntibioticIndication"/><title value="Daily Assessment of the Indication for Antibiotics"/><status value="active"/><experimental value="true"/><date value="2024-08-12T09:30:16+00:00"/><publisher value="NUM CODEX+ CELIDA"/><description value="All Antibiotics are daily re-evaluated for the Indication for each Antibiotic."/><code><coding><system value="http://snomed.info/sct"/><code value="230165009"/><display value="Indication of"/></coding></code><timingTiming><repeat><frequency value="1"/><period value="1"/><periodUnit value="d"/></repeat></timingTiming></ActivityDefinition>