<?xml version="1.0" encoding="UTF-8"?><ActivityDefinition xmlns="http://hl7.org/fhir"><id value="DailyMultiprofessionalWardRoundsAction"/><url value="https://www.netzwerk-universitaetsmedizin.de/fhir/codex-celida/guideline/DIVI-DigiQIs/recommended-action/daily-ward-rounds"/><version value="7.0"/><name value="DailyMultiprofessionalWardRoundsAction"/><title value="Daily multiprofessional ward rounds"/><status value="active"/><experimental value="true"/><date value="2024-08-12T09:30:16+00:00"/><publisher value="NUM CODEX+ CELIDA"/><description value="Every Intensive Care Patient is visited daily in multiprofessional ward rounds led by an intensive care specialist."/><code><coding><system value="http://divi.de/forschung/sektionsgruppen/qualitaetsverbesserung-und-informationstechnologie/informationstechnologie-und-medizintechnik"/><code value="VISITE-FA-ZB-ITS"/><display value="Multidisciplinary ward round led by an intensive care specialist"/></coding></code><timingTiming><repeat><frequency value="1"/><period value="1"/><periodUnit value="d"/></repeat></timingTiming></ActivityDefinition>