<?xml version="1.0" encoding="UTF-8"?><ActivityDefinition xmlns="http://hl7.org/fhir"><id value="FirstEnteralFeedingWithin24hours"/><url value="https://www.netzwerk-universitaetsmedizin.de/fhir/codex-celida/guideline/DIVI-DigiQIs/recommended-action/first-enteral-feeding-within-24hours"/><version value="7.0"/><name value="FirstEnteralFeedingWithin24hours"/><title value="First Enteral Feeding Within 24 hours"/><status value="active"/><experimental value="true"/><date value="2024-08-12T09:30:16+00:00"/><publisher value="NUM CODEX+ CELIDA"/><description value="First Enteral Feeding occurs within 24 hours after Admission to Intensive Care."/><code><coding><system value="http://snomed.info/sct"/><code value="229912004"/><display value="Enteral Feeding"/></coding></code><timingTiming><repeat><frequency value="1"/><period value="1"/><periodUnit value="d"/></repeat></timingTiming></ActivityDefinition>