<?xml version="1.0" encoding="UTF-8"?><ActivityDefinition xmlns="http://hl7.org/fhir"><id value="DailyMobilization"/><url value="https://www.netzwerk-universitaetsmedizin.de/fhir/codex-celida/guideline/DIVI-DigiQIs/recommended-action/daily-mobilization"/><version value="7.0"/><name value="DailyMobilization"/><title value="Daily Mobilization"/><status value="active"/><experimental value="true"/><date value="2024-08-12T09:30:16+00:00"/><publisher value="NUM CODEX+ CELIDA"/><description value="Mobilization that occurs at least once a day."/><code><coding><system value="http://snomed.info/sct"/><code value="74923002"/><display value="Mobilization"/></coding></code><timingTiming><repeat><frequency value="1"/><period value="1"/><periodUnit value="d"/></repeat></timingTiming></ActivityDefinition>