<?xml version="1.0" encoding="UTF-8"?><ActivityDefinition xmlns="http://hl7.org/fhir"><id value="NoDischargeWithHomeVentilation"/><url value="https://www.netzwerk-universitaetsmedizin.de/fhir/codex-celida/guideline/DIVI-DigiQIs/recommended-action/no-discharge-with-home-ventilation"/><version value="7.0"/><name value="NoDischargeWithHomeVentilation"/><title value="No Discharge with Home Ventilation"/><status value="active"/><experimental value="true"/><date value="2024-08-12T09:30:16+00:00"/><publisher value="NUM CODEX+ CELIDA"/><description value="The patient is not discharged with home ventilation."/><code><coding><system value="http://snomed.info/sct"/><code value="60631000119109"/><display value="Dependence on home ventilator"/></coding></code><timingTiming><repeat><frequency value="1"/><period value="1"/><periodUnit value="d"/></repeat></timingTiming></ActivityDefinition>