<?xml version="1.0" encoding="UTF-8"?><ActivityDefinition xmlns="http://hl7.org/fhir"><id value="DailyAssessmentAntibioticFocus"/><url value="https://www.netzwerk-universitaetsmedizin.de/fhir/codex-celida/guideline/DIVI-DigiQIs/recommended-action/daily-assessment-antibiotic-focus"/><version value="7.0"/><name value="DailyAssessmentAntibioticFocus"/><title value="Daily Assessment of the Focus for Antibiotics"/><status value="active"/><experimental value="true"/><date value="2024-08-12T09:30:16+00:00"/><publisher value="NUM CODEX+ CELIDA"/><description value="All Antibiotics are daily re-evaluated for the Focus for each Antibiotic."/><code><coding><system value="http://snomed.info/sct"/><code value="272737002"/><display value="Site of"/></coding></code><timingTiming><repeat><frequency value="1"/><period value="1"/><periodUnit value="d"/></repeat></timingTiming></ActivityDefinition>