<?xml version="1.0" encoding="UTF-8"?><ActivityDefinition xmlns="http://hl7.org/fhir"><id value="DailyStopOrdersInvasiveDevices"/><url value="https://www.netzwerk-universitaetsmedizin.de/fhir/codex-celida/guideline/DIVI-DigiQIs/recommended-action/daily-stop-orders-invasive-devices"/><version value="7.0"/><name value="DailyStopOrdersInvasiveDevices"/><title value="Daily Stop-Orders for Invasive Devices"/><status value="active"/><experimental value="true"/><date value="2024-08-12T09:30:16+00:00"/><publisher value="NUM CODEX+ CELIDA"/><description value="All invasive devices have a daily re-evaluation regarding the necessity of each device."/><code><coding><system value="http://snomed.info/sct"/><code value="230165009"/><display value="Indication of"/></coding></code><timingTiming><repeat><frequency value="1"/><period value="1"/><periodUnit value="d"/></repeat></timingTiming></ActivityDefinition>