<?xml version="1.0" encoding="UTF-8"?><ActivityDefinition xmlns="http://hl7.org/fhir"><id value="FrequentBloodCultures"/><url value="https://www.netzwerk-universitaetsmedizin.de/fhir/codex-celida/guideline/DIVI-DigiQIs/recommended-action/frequent-blood-cultures"/><version value="7.0"/><name value="FrequentBloodCultures"/><title value="Frequent Blood Cultures"/><status value="active"/><experimental value="true"/><date value="2024-08-12T09:30:16+00:00"/><publisher value="NUM CODEX+ CELIDA"/><description value="The Frequency of Blood Cultures is at least 80 per 1000 days."/><code><coding><system value="http://snomed.info/sct"/><code value="30088009"/><display value="Blood Culture"/></coding></code><timingTiming><repeat><frequency value="80"/><period value="1000"/><periodUnit value="d"/></repeat></timingTiming></ActivityDefinition>