<?xml version="1.0" encoding="UTF-8"?><ActivityDefinition xmlns="http://hl7.org/fhir"><id value="WeeklyCommunicationPatientsRelatives"/><url value="https://www.netzwerk-universitaetsmedizin.de/fhir/codex-celida/guideline/DIVI-DigiQIs/recommended-action/weekly-communication-patients-relatives"/><version value="7.0"/><name value="WeeklyCommunicationPatientsRelatives"/><title value="Weekly Communication with Patients and Relatives"/><status value="active"/><experimental value="true"/><date value="2024-08-12T09:30:16+00:00"/><publisher value="NUM CODEX+ CELIDA"/><description value="At least one structured communication with the Patients and/or their Relatives takes place every week."/><code><coding><system value="http://snomed.info/sct"/><code value="225330006"/><display value="Client Participation"/></coding></code><timingTiming><repeat><frequency value="1"/><period value="7"/><periodUnit value="d"/></repeat></timingTiming></ActivityDefinition>