<?xml version="1.0" encoding="UTF-8"?><ActivityDefinition xmlns="http://hl7.org/fhir"><id value="PainAssessmentNightShift"/><url value="https://www.netzwerk-universitaetsmedizin.de/fhir/codex-celida/guideline/DIVI-DigiQIs/recommended-action/pain-assessment-night-shift"/><version value="7.0"/><name value="PainAssessmentNightShift"/><title value="Pain Assessment during Night Shift"/><status value="active"/><experimental value="true"/><date value="2024-08-12T09:30:16+00:00"/><publisher value="NUM CODEX+ CELIDA"/><description value="Pain should be assessed once between 10 PM and &lt;6 AM every day."/><code><coding><system value="http://snomed.info/sct"/><code value="370778008"/><display value="Assessment of Pain Control"/></coding></code><timingTiming><repeat><frequency value="1"/><period value="1"/><periodUnit value="d"/></repeat></timingTiming></ActivityDefinition>