<?xml version="1.0" encoding="UTF-8"?><ActivityDefinition xmlns="http://hl7.org/fhir"><id value="FirstCommunicationPatientsRelativesWithin72hours"/><url value="https://www.netzwerk-universitaetsmedizin.de/fhir/codex-celida/guideline/DIVI-DigiQIs/recommended-action/first-communication-patients-relatives-within-24hours"/><version value="7.0"/><name value="FirstCommunicationPatientsRelativesWithin72hours"/><title value="First Communication with Patients and/or their Relatives within 72 hours"/><status value="active"/><experimental value="true"/><date value="2024-08-12T09:30:16+00:00"/><publisher value="NUM CODEX+ CELIDA"/><description value="An initial structured communication with the Patients and/or their Relatives occurs within 72 hours of Admission to Intensive Care."/><code><coding><system value="http://snomed.info/sct"/><code value="225330006"/><display value="Client Participation"/></coding></code><timingTiming><repeat><frequency value="1"/><period value="7"/><periodUnit value="d"/></repeat></timingTiming></ActivityDefinition>