<?xml version="1.0" encoding="UTF-8"?><ActivityDefinition xmlns="http://hl7.org/fhir"><id value="DailyWeaningAssessments"/><url value="https://www.netzwerk-universitaetsmedizin.de/fhir/codex-celida/guideline/DIVI-DigiQIs/recommended-action/daily-weaning-assessments"/><version value="7.0"/><name value="DailyWeaningAssessments"/><title value="Daily Assessments of Readiness-to-wean from mechanical ventilation"/><status value="active"/><experimental value="true"/><date value="2024-08-12T09:30:16+00:00"/><publisher value="NUM CODEX+ CELIDA"/><description value="Readiness-to-wean from mechanical ventilation is assessed periodically every day."/><code><coding><system value="http://divi.de/forschung/sektionsgruppen/qualitaetsverbesserung-und-informationstechnologie/informationstechnologie-und-medizintechnik"/><code value="EVAL-VENT-WEAN"/><display value="Assessment of Readiness-to-wean from mechanical ventilation"/></coding></code><timingTiming><repeat><frequency value="1"/><period value="1"/><periodUnit value="d"/></repeat></timingTiming></ActivityDefinition>