<?xml version="1.0" encoding="UTF-8"?><ActivityDefinition xmlns="http://hl7.org/fhir"><id value="DailyWeaningTrials"/><url value="https://www.netzwerk-universitaetsmedizin.de/fhir/codex-celida/guideline/DIVI-DigiQIs/recommended-action/daily-weaning-trials"/><version value="7.0"/><name value="DailyWeaningTrials"/><title value="Daily Weaning Trials"/><status value="active"/><experimental value="true"/><date value="2024-08-12T09:30:16+00:00"/><publisher value="NUM CODEX+ CELIDA"/><description value="Weaning trials are performed periodically every day."/><code><coding><system value="http://snomed.info/sct"/><code value="1259865002"/><display value="Weaning from mechanically assisted ventilation commenced"/></coding></code><timingTiming><repeat><frequency value="1"/><period value="1"/><periodUnit value="d"/></repeat></timingTiming></ActivityDefinition>