<?xml version="1.0" encoding="UTF-8"?><EvidenceVariable xmlns="http://hl7.org/fhir"><id value="IntensiveCarePatients-ClinicallyFed-NoAdipositas"/><meta><profile value="https://www.netzwerk-universitaetsmedizin.de/fhir/cpg-on-ebm-on-fhir/StructureDefinition/recommendation-eligibility-criteria"/></meta><url value="https://www.netzwerk-universitaetsmedizin.de/fhir/codex-celida/guideline/DIVI-DigiQIs/population/intensive-care-patients_clinically-fed_no-adipositas"/><name value="Population_IntensiveCarePatients_ClinicallyFed_NoAdipositas"/><title value="Population: Intensive Care Patients that are clinically fed and have no Adipositas"/><status value="active"/><date value="2024-08-12T09:30:16+00:00"/><description value="Intensive Care Patients that are clinically fed and have no Adipositas"/><characteristic><exclude value="false"/><definitionByTypeAndValue><type><coding><system value="http://snomed.info/sct"/><code value="71388002"/><display value="Procedure (procedure)"/></coding></type><valueCodeableConcept><coding><system value="http://snomed.info/sct"/><code value="133903000"/><display value="Care of Intensive Care Unit Patient"/></coding></valueCodeableConcept></definitionByTypeAndValue></characteristic><characteristic><exclude value="false"/><definitionByTypeAndValue><type><coding><system value="http://snomed.info/sct"/><code value="71388002"/><display value="Procedure (procedure)"/></coding></type><valueCodeableConcept><coding><system value="http://snomed.info/sct"/><code value="75118006"/><display value="Feeding Patient"/></coding></valueCodeableConcept></definitionByTypeAndValue></characteristic><characteristic><exclude value="false"/><definitionByTypeAndValue><type><coding><system value="http://loinc.org"/><code value="39156-5"/><display value="Body Mass Index (BMI) [Ratio]"/></coding></type><valueRange><low><value value="0"/><unit value="kg/m2"/><system value="http://unitsofmeasure.org"/><code value="kg/m2"/></low><high><value value="29.999999999"/><unit value="kg/m2"/><system value="http://unitsofmeasure.org"/><code value="kg/m2"/></high></valueRange></definitionByTypeAndValue></characteristic><characteristic><exclude value="true"/><definitionByTypeAndValue><type><coding><system value="http://snomed.info/sct"/><code value="103306004"/><display value="Contraindication to"/></coding></type><valueCodeableConcept><coding><system value="http://snomed.info/sct"/><code value="229912004"/><display value="Enteral Feeding"/></coding></valueCodeableConcept></definitionByTypeAndValue></characteristic></EvidenceVariable>