<?xml version="1.0" encoding="UTF-8"?><EvidenceVariable xmlns="http://hl7.org/fhir"><id value="IntensiveCarePatients-IntensiveCareLongerThanThreeDays"/><meta><profile value="https://www.netzwerk-universitaetsmedizin.de/fhir/cpg-on-ebm-on-fhir/StructureDefinition/recommendation-eligibility-criteria"/></meta><url value="https://www.netzwerk-universitaetsmedizin.de/fhir/codex-celida/guideline/DIVI-DigiQIs/population/intensive-care-patients_intensive-care-longer-than-three-days"/><name value="Population_IntensiveCarePatients_IntensiveCareLongerThanThreeDays"/><title value="Population: Intensive Care Patients with Intensive Care Treatment Longer Than Three Days"/><status value="active"/><date value="2024-08-12T09:30:16+00:00"/><description value="Intensive Care Patients with Intensive Care Treatment Longer Than Three Days"/><characteristic><exclude value="false"/><definitionByTypeAndValue><type><coding><system value="http://snomed.info/sct"/><code value="71388002"/><display value="Procedure (procedure)"/></coding></type><valueCodeableConcept><coding><system value="http://snomed.info/sct"/><code value="133903000"/><display value="Care of Intensive Care Unit Patient"/></coding></valueCodeableConcept></definitionByTypeAndValue><durationRange><low><value value="72.000000001"/><unit value="hour"/><system value="http://unitsofmeasure.org"/><code value="h"/></low></durationRange></characteristic><characteristic><exclude value="false"/><definitionByTypeAndValue><type><coding><system value="http://snomed.info/sct"/><code value="71388002"/><display value="Procedure (procedure)"/></coding></type><valueCodeableConcept><coding><system value="http://snomed.info/sct"/><code value="133903000"/><display value="Care of Intensive Care Unit Patient"/></coding></valueCodeableConcept></definitionByTypeAndValue><timeFromEvent><eventCodeableConcept><coding><system value="http://snomed.info/sct"/><code value="305351004"/><display value="Admission to Intensive Care Unit"/></coding></eventCodeableConcept><range><low><value value="72.000000001"/><unit value="hour"/><system value="http://unitsofmeasure.org"/><code value="h"/></low></range></timeFromEvent></characteristic></EvidenceVariable>