<?xml version="1.0" encoding="UTF-8"?><EvidenceVariable xmlns="http://hl7.org/fhir"><id value="IntensiveCarePatients-WithOut-NoMobilizationOrder"/><meta><profile value="https://www.netzwerk-universitaetsmedizin.de/fhir/cpg-on-ebm-on-fhir/StructureDefinition/recommendation-eligibility-criteria"/></meta><url value="https://www.netzwerk-universitaetsmedizin.de/fhir/codex-celida/guideline/DIVI-DigiQIs/population/intensive-care-patients_without_no-mobilization-order"/><name value="Population_IntensiveCarePatients_WithOut_NoMobilizationOrder"/><title value="Population: Intensive Care Patients without a no-mobilization order"/><status value="active"/><date value="2024-08-12T09:30:16+00:00"/><description value="Intensive Care Patients without a no-mobilization order"/><characteristic><exclude value="false"/><definitionByTypeAndValue><type><coding><system value="http://snomed.info/sct"/><code value="71388002"/><display value="Procedure (procedure)"/></coding></type><valueCodeableConcept><coding><system value="http://snomed.info/sct"/><code value="133903000"/><display value="Care of Intensive Care Unit Patient"/></coding></valueCodeableConcept></definitionByTypeAndValue></characteristic><characteristic><exclude value="true"/><definitionByTypeAndValue><type><coding><system value="http://snomed.info/sct"/><code value="721963009"/><display value="Order (record artifact)"/></coding></type><valueCodeableConcept><coding><system value="http://divi.de/forschung/sektionsgruppen/qualitaetsverbesserung-und-informationstechnologie/informationstechnologie-und-medizintechnik"/><code value="ORDER-NO-MOBIL"/><display value="Order to not mobilize"/></coding></valueCodeableConcept></definitionByTypeAndValue></characteristic></EvidenceVariable>