{"resourceType":"ActivityDefinition","id":"DailyTreatmentGoals","url":"https://www.netzwerk-universitaetsmedizin.de/fhir/codex-celida/guideline/DIVI-DigiQIs/recommended-action/daily-treatment-goals","version":"7.0","name":"DailyTreatmentGoals","title":"Daily Treatment Goals","status":"active","experimental":true,"date":"2024-08-12T09:30:16+00:00","publisher":"NUM CODEX+ CELIDA","description":"Daily Treatment Goals are set at least once every day.","code":{"coding":[{"system":"http://divi.de/forschung/sektionsgruppen/qualitaetsverbesserung-und-informationstechnologie/informationstechnologie-und-medizintechnik","code":"TAGESZIEL","display":"Setting daily treatment goals"}]},"timingTiming":{"repeat":{"frequency":1,"period":1,"periodUnit":"d"}}}