{"resourceType":"ActivityDefinition","id":"FirstCommunicationPatientsRelativesWithin72hours","url":"https://www.netzwerk-universitaetsmedizin.de/fhir/codex-celida/guideline/DIVI-DigiQIs/recommended-action/first-communication-patients-relatives-within-24hours","version":"7.0","name":"FirstCommunicationPatientsRelativesWithin72hours","title":"First Communication with Patients and/or their Relatives within 72 hours","status":"active","experimental":true,"date":"2024-08-12T09:30:16+00:00","publisher":"NUM CODEX+ CELIDA","description":"An initial structured communication with the Patients and/or their Relatives occurs within 72 hours of Admission to Intensive Care.","code":{"coding":[{"system":"http://snomed.info/sct","code":"225330006","display":"Client Participation"}]},"timingTiming":{"repeat":{"frequency":1,"period":7,"periodUnit":"d"}}}