{"resourceType":"ActivityDefinition","id":"FrequentBloodCultures","url":"https://www.netzwerk-universitaetsmedizin.de/fhir/codex-celida/guideline/DIVI-DigiQIs/recommended-action/frequent-blood-cultures","version":"7.0","name":"FrequentBloodCultures","title":"Frequent Blood Cultures","status":"active","experimental":true,"date":"2024-08-12T09:30:16+00:00","publisher":"NUM CODEX+ CELIDA","description":"The Frequency of Blood Cultures is at least 80 per 1000 days.","code":{"coding":[{"system":"http://snomed.info/sct","code":"30088009","display":"Blood Culture"}]},"timingTiming":{"repeat":{"frequency":80,"period":1000,"periodUnit":"d"}}}