{"resourceType":"ActivityDefinition","id":"WeeklyCommunicationPatientsRelatives","url":"https://www.netzwerk-universitaetsmedizin.de/fhir/codex-celida/guideline/DIVI-DigiQIs/recommended-action/weekly-communication-patients-relatives","version":"7.0","name":"WeeklyCommunicationPatientsRelatives","title":"Weekly Communication with Patients and Relatives","status":"active","experimental":true,"date":"2024-08-12T09:30:16+00:00","publisher":"NUM CODEX+ CELIDA","description":"At least one structured communication with the Patients and/or their Relatives takes place every week.","code":{"coding":[{"system":"http://snomed.info/sct","code":"225330006","display":"Client Participation"}]},"timingTiming":{"repeat":{"frequency":1,"period":7,"periodUnit":"d"}}}