{"resourceType":"ActivityDefinition","id":"PainAssessmentEarlyShift","url":"https://www.netzwerk-universitaetsmedizin.de/fhir/codex-celida/guideline/DIVI-DigiQIs/recommended-action/pain-assessment-early-shift","version":"7.0","name":"PainAssessmentEarlyShift","title":"Pain Assessment during Early Shift","status":"active","experimental":true,"date":"2024-08-12T09:30:16+00:00","publisher":"NUM CODEX+ CELIDA","description":"Pain should be assessed once between 6 AM and <2 PM every day.","code":{"coding":[{"system":"http://snomed.info/sct","code":"370778008","display":"Assessment of Pain Control"}]},"timingTiming":{"repeat":{"frequency":1,"period":1,"periodUnit":"d"}}}