{"resourceType":"ActivityDefinition","id":"DailyMobilization","url":"https://www.netzwerk-universitaetsmedizin.de/fhir/codex-celida/guideline/DIVI-DigiQIs/recommended-action/daily-mobilization","version":"7.0","name":"DailyMobilization","title":"Daily Mobilization","status":"active","experimental":true,"date":"2024-08-12T09:30:16+00:00","publisher":"NUM CODEX+ CELIDA","description":"Mobilization that occurs at least once a day.","code":{"coding":[{"system":"http://snomed.info/sct","code":"74923002","display":"Mobilization"}]},"timingTiming":{"repeat":{"frequency":1,"period":1,"periodUnit":"d"}}}