{"resourceType":"ActivityDefinition","id":"DailyAssessmentAntibioticDuration","url":"https://www.netzwerk-universitaetsmedizin.de/fhir/codex-celida/guideline/DIVI-DigiQIs/recommended-action/daily-assessment-antibiotic-duration","version":"7.0","name":"DailyAssessmentAntibioticDuration","title":"Daily Assessment of the Duration of Antibiotic Therapy","status":"active","experimental":true,"date":"2024-08-12T09:30:16+00:00","publisher":"NUM CODEX+ CELIDA","description":"All Antibiotics are daily re-evaluated for the Duration of Therapy for each Antibiotic.","code":{"coding":[{"system":"http://snomed.info/sct","code":"261773006","display":"Duration of Therapy"}]},"timingTiming":{"repeat":{"frequency":1,"period":1,"periodUnit":"d"}}}