{"resourceType":"ActivityDefinition","id":"DailyAssessmentAntibioticIndication","url":"https://www.netzwerk-universitaetsmedizin.de/fhir/codex-celida/guideline/DIVI-DigiQIs/recommended-action/daily-assessment-antibiotic-indication","version":"7.0","name":"DailyAssessmentAntibioticIndication","title":"Daily Assessment of the Indication for Antibiotics","status":"active","experimental":true,"date":"2024-08-12T09:30:16+00:00","publisher":"NUM CODEX+ CELIDA","description":"All Antibiotics are daily re-evaluated for the Indication for each Antibiotic.","code":{"coding":[{"system":"http://snomed.info/sct","code":"230165009","display":"Indication of"}]},"timingTiming":{"repeat":{"frequency":1,"period":1,"periodUnit":"d"}}}