{"resourceType":"ActivityDefinition","id":"PainAssessmentNightShift","url":"https://www.netzwerk-universitaetsmedizin.de/fhir/codex-celida/guideline/DIVI-DigiQIs/recommended-action/pain-assessment-night-shift","version":"7.0","name":"PainAssessmentNightShift","title":"Pain Assessment during Night Shift","status":"active","experimental":true,"date":"2024-08-12T09:30:16+00:00","publisher":"NUM CODEX+ CELIDA","description":"Pain should be assessed once between 10 PM and <6 AM every day.","code":{"coding":[{"system":"http://snomed.info/sct","code":"370778008","display":"Assessment of Pain Control"}]},"timingTiming":{"repeat":{"frequency":1,"period":1,"periodUnit":"d"}}}