{"resourceType":"ActivityDefinition","id":"DailyWeaningTrials","url":"https://www.netzwerk-universitaetsmedizin.de/fhir/codex-celida/guideline/DIVI-DigiQIs/recommended-action/daily-weaning-trials","version":"7.0","name":"DailyWeaningTrials","title":"Daily Weaning Trials","status":"active","experimental":true,"date":"2024-08-12T09:30:16+00:00","publisher":"NUM CODEX+ CELIDA","description":"Weaning trials are performed periodically every day.","code":{"coding":[{"system":"http://snomed.info/sct","code":"1259865002","display":"Weaning from mechanically assisted ventilation commenced"}]},"timingTiming":{"repeat":{"frequency":1,"period":1,"periodUnit":"d"}}}