{"resourceType":"ActivityDefinition","id":"FirstEnteralFeedingWithin24hours","url":"https://www.netzwerk-universitaetsmedizin.de/fhir/codex-celida/guideline/DIVI-DigiQIs/recommended-action/first-enteral-feeding-within-24hours","version":"7.0","name":"FirstEnteralFeedingWithin24hours","title":"First Enteral Feeding Within 24 hours","status":"active","experimental":true,"date":"2024-08-12T09:30:16+00:00","publisher":"NUM CODEX+ CELIDA","description":"First Enteral Feeding occurs within 24 hours after Admission to Intensive Care.","code":{"coding":[{"system":"http://snomed.info/sct","code":"229912004","display":"Enteral Feeding"}]},"timingTiming":{"repeat":{"frequency":1,"period":1,"periodUnit":"d"}}}