{"resourceType":"ActivityDefinition","id":"FirstMobilizationWithin24hours","url":"https://www.netzwerk-universitaetsmedizin.de/fhir/codex-celida/guideline/DIVI-DigiQIs/recommended-action/first-mobilization-within-24hours","version":"7.0","name":"FirstMobilizationWithin24hours","title":"First Mobilization within 24 hours","status":"active","experimental":true,"date":"2024-08-12T09:30:16+00:00","publisher":"NUM CODEX+ CELIDA","description":"First Mobilization occurs within 24 hours after Admission to Intensive Care.","code":{"coding":[{"system":"http://snomed.info/sct","code":"74923002","display":"Mobilization"}]},"timingTiming":{"repeat":{"frequency":1,"period":1,"periodUnit":"d"}}}