{"resourceType":"ActivityDefinition","id":"DailyMultiprofessionalWardRoundsAction","url":"https://www.netzwerk-universitaetsmedizin.de/fhir/codex-celida/guideline/DIVI-DigiQIs/recommended-action/daily-ward-rounds","version":"7.0","name":"DailyMultiprofessionalWardRoundsAction","title":"Daily multiprofessional ward rounds","status":"active","experimental":true,"date":"2024-08-12T09:30:16+00:00","publisher":"NUM CODEX+ CELIDA","description":"Every Intensive Care Patient is visited daily in multiprofessional ward rounds led by an intensive care specialist.","code":{"coding":[{"system":"http://divi.de/forschung/sektionsgruppen/qualitaetsverbesserung-und-informationstechnologie/informationstechnologie-und-medizintechnik","code":"VISITE-FA-ZB-ITS","display":"Multidisciplinary ward round led by an intensive care specialist"}]},"timingTiming":{"repeat":{"frequency":1,"period":1,"periodUnit":"d"}}}