{"resourceType":"ActivityDefinition","id":"DailyAssessmentAntibioticFocus","url":"https://www.netzwerk-universitaetsmedizin.de/fhir/codex-celida/guideline/DIVI-DigiQIs/recommended-action/daily-assessment-antibiotic-focus","version":"7.0","name":"DailyAssessmentAntibioticFocus","title":"Daily Assessment of the Focus for Antibiotics","status":"active","experimental":true,"date":"2024-08-12T09:30:16+00:00","publisher":"NUM CODEX+ CELIDA","description":"All Antibiotics are daily re-evaluated for the Focus for each Antibiotic.","code":{"coding":[{"system":"http://snomed.info/sct","code":"272737002","display":"Site of"}]},"timingTiming":{"repeat":{"frequency":1,"period":1,"periodUnit":"d"}}}