{"resourceType":"ActivityDefinition","id":"SedationAssessmentEarlyShift","url":"https://www.netzwerk-universitaetsmedizin.de/fhir/codex-celida/guideline/DIVI-DigiQIs/recommended-action/sedation-assessment-early-shift","version":"7.0","name":"SedationAssessmentEarlyShift","title":"Sedation Assessment during Early Shift","status":"active","experimental":true,"date":"2024-08-12T09:30:16+00:00","publisher":"NUM CODEX+ CELIDA","description":"Sedation should be assessed once between 6 AM and <2 PM every day.","code":{"coding":[{"system":"http://snomed.info/sct","version":"http://snomed.info/sct/83821000000107/version/20230412","code":"851211000000105","display":"Assessment of Sedation Level"}]},"timingTiming":{"repeat":{"frequency":1,"period":1,"periodUnit":"d"}}}