{"resourceType":"ActivityDefinition","id":"DeliriumAssessmentLateShift","url":"https://www.netzwerk-universitaetsmedizin.de/fhir/codex-celida/guideline/DIVI-DigiQIs/recommended-action/delirium-assessment-late-shift","version":"7.0","name":"DeliriumAssessmentLateShift","title":"Delirium Assessment during Late Shift","status":"active","experimental":true,"date":"2024-08-12T09:30:16+00:00","publisher":"NUM CODEX+ CELIDA","description":"Delirium should be assessed once between 2 AM and <10 PM every day.","code":{"coding":[{"system":"http://snomed.info/sct","code":"733870009","display":"Assessment of Delirium"}]},"timingTiming":{"repeat":{"frequency":1,"period":1,"periodUnit":"d"}}}