{"resourceType":"ActivityDefinition","id":"DailyWeaningAssessments","url":"https://www.netzwerk-universitaetsmedizin.de/fhir/codex-celida/guideline/DIVI-DigiQIs/recommended-action/daily-weaning-assessments","version":"7.0","name":"DailyWeaningAssessments","title":"Daily Assessments of Readiness-to-wean from mechanical ventilation","status":"active","experimental":true,"date":"2024-08-12T09:30:16+00:00","publisher":"NUM CODEX+ CELIDA","description":"Readiness-to-wean from mechanical ventilation is assessed periodically every day.","code":{"coding":[{"system":"http://divi.de/forschung/sektionsgruppen/qualitaetsverbesserung-und-informationstechnologie/informationstechnologie-und-medizintechnik","code":"EVAL-VENT-WEAN","display":"Assessment of Readiness-to-wean from mechanical ventilation"}]},"timingTiming":{"repeat":{"frequency":1,"period":1,"periodUnit":"d"}}}