{"resourceType":"ActivityDefinition","id":"DailyStopOrdersInvasiveDevices","url":"https://www.netzwerk-universitaetsmedizin.de/fhir/codex-celida/guideline/DIVI-DigiQIs/recommended-action/daily-stop-orders-invasive-devices","version":"7.0","name":"DailyStopOrdersInvasiveDevices","title":"Daily Stop-Orders for Invasive Devices","status":"active","experimental":true,"date":"2024-08-12T09:30:16+00:00","publisher":"NUM CODEX+ CELIDA","description":"All invasive devices have a daily re-evaluation regarding the necessity of each device.","code":{"coding":[{"system":"http://snomed.info/sct","code":"230165009","display":"Indication of"}]},"timingTiming":{"repeat":{"frequency":1,"period":1,"periodUnit":"d"}}}