{"resourceType":"ActivityDefinition","id":"NoDischargeWithHomeVentilation","url":"https://www.netzwerk-universitaetsmedizin.de/fhir/codex-celida/guideline/DIVI-DigiQIs/recommended-action/no-discharge-with-home-ventilation","version":"7.0","name":"NoDischargeWithHomeVentilation","title":"No Discharge with Home Ventilation","status":"active","experimental":true,"date":"2024-08-12T09:30:16+00:00","publisher":"NUM CODEX+ CELIDA","description":"The patient is not discharged with home ventilation.","code":{"coding":[{"system":"http://snomed.info/sct","code":"60631000119109","display":"Dependence on home ventilator"}]},"timingTiming":{"repeat":{"frequency":1,"period":1,"periodUnit":"d"}}}