{"resourceType":"ActivityDefinition","id":"DailySufficientFeeding","url":"https://www.netzwerk-universitaetsmedizin.de/fhir/codex-celida/guideline/DIVI-DigiQIs/recommended-action/daily-sufficient-feeding","version":"7.0","name":"DailySufficientFeeding","title":"The daily calorie intake is sufficient","status":"active","experimental":true,"date":"2024-08-12T09:30:16+00:00","publisher":"NUM CODEX+ CELIDA","description":"The daily amount of calories matches the individual requirements.","code":{"coding":[{"system":"http://snomed.info/sct","code":"787787004","display":"Calorie Intake"}]},"timingTiming":{"repeat":{"frequency":1,"period":1,"periodUnit":"d"}}}