{"resourceType":"EvidenceVariable","id":"IntensiveCarePatients-PredictedInsufficientEnergyIntake","meta":{"profile":["https://www.netzwerk-universitaetsmedizin.de/fhir/cpg-on-ebm-on-fhir/StructureDefinition/recommendation-eligibility-criteria"]},"url":"https://www.netzwerk-universitaetsmedizin.de/fhir/codex-celida/guideline/DIVI-DigiQIs/population/intensive-care-patients_predicted-insufficient-energy-intake","name":"Population_IntensiveCarePatients_PredictedInsufficientEnergyIntake","title":"Population: Intensive Care Patients with Predicted Insufficient Energy Intake","status":"active","date":"2024-08-12T09:30:16+00:00","description":"Intensive Care Patients with Predicted Insufficient Energy Intake","characteristic":[{"exclude":false,"definitionByTypeAndValue":{"type":{"coding":[{"system":"http://snomed.info/sct","code":"71388002","display":"Procedure (procedure)"}]},"valueCodeableConcept":{"coding":[{"system":"http://snomed.info/sct","code":"133903000","display":"Care of Intensive Care Unit Patient"}]}}},{"exclude":false,"definitionByTypeAndValue":{"type":{"coding":[{"system":"http://snomed.info/sct","code":"404684003","display":"Clinical finding (finding)"}]},"valueCodeableConcept":{"coding":[{"system":"http://snomed.info/sct","code":"440331000124103","display":"Predicted Inadequate Energy Intake"}]}}}]}