{"resourceType":"EvidenceVariable","id":"IntensiveCarePatients","meta":{"profile":["https://www.netzwerk-universitaetsmedizin.de/fhir/cpg-on-ebm-on-fhir/StructureDefinition/recommendation-eligibility-criteria"]},"url":"https://www.netzwerk-universitaetsmedizin.de/fhir/codex-celida/guideline/DIVI-DigiQIs/population/intensive-care-patients","name":"Population_IntensiveCarePatients","title":"Population: Intensive Care Patients","status":"active","date":"2024-08-12T09:30:16+00:00","description":"Intensive Care Patients","characteristic":[{"exclude":false,"definitionByTypeAndValue":{"type":{"coding":[{"system":"http://snomed.info/sct","code":"71388002","display":"Procedure (procedure)"}]},"valueCodeableConcept":{"coding":[{"system":"http://snomed.info/sct","code":"133903000","display":"Care of Intensive Care Unit Patient"}]}}}]}