{"resourceType":"EvidenceVariable","id":"IntensiveCarePatients-WithOut-NoMobilizationOrder","meta":{"profile":["https://www.netzwerk-universitaetsmedizin.de/fhir/cpg-on-ebm-on-fhir/StructureDefinition/recommendation-eligibility-criteria"]},"url":"https://www.netzwerk-universitaetsmedizin.de/fhir/codex-celida/guideline/DIVI-DigiQIs/population/intensive-care-patients_without_no-mobilization-order","name":"Population_IntensiveCarePatients_WithOut_NoMobilizationOrder","title":"Population: Intensive Care Patients without a no-mobilization order","status":"active","date":"2024-08-12T09:30:16+00:00","description":"Intensive Care Patients without a no-mobilization order","characteristic":[{"exclude":false,"definitionByTypeAndValue":{"type":{"coding":[{"system":"http://snomed.info/sct","code":"71388002","display":"Procedure (procedure)"}]},"valueCodeableConcept":{"coding":[{"system":"http://snomed.info/sct","code":"133903000","display":"Care of Intensive Care Unit Patient"}]}}},{"exclude":true,"definitionByTypeAndValue":{"type":{"coding":[{"system":"http://snomed.info/sct","code":"721963009","display":"Order (record artifact)"}]},"valueCodeableConcept":{"coding":[{"system":"http://divi.de/forschung/sektionsgruppen/qualitaetsverbesserung-und-informationstechnologie/informationstechnologie-und-medizintechnik","code":"ORDER-NO-MOBIL","display":"Order to not mobilize"}]}}}]}