{"resourceType":"PlanDefinition","id":"PEEPadjustedToFIO2-60to79","meta":{"profile":["https://www.netzwerk-universitaetsmedizin.de/fhir/cpg-on-ebm-on-fhir/StructureDefinition/recommendation-plan"]},"extension":[{"url":"http://hl7.org/fhir/uv/cpg/StructureDefinition/cpg-knowledgeCapability","valueCode":"computable"},{"url":"http://hl7.org/fhir/uv/cpg/StructureDefinition/cpg-knowledgeRepresentationLevel","valueCode":"structured"},{"url":"http://hl7.org/fhir/uv/cpg/StructureDefinition/cpg-partOf","valueCanonical":"https://www.netzwerk-universitaetsmedizin.de/fhir/codex-celida/guideline/DIVI-DigiQIs/recommendation/DIVI-QualityIndicator-3"},{"extension":[{"url":"method","valueCodeableConcept":{"coding":[{"system":"https://www.netzwerk-universitaetsmedizin.de/fhir/cpg-on-ebm-on-fhir/CodeSystem/cs-action-combination-method","code":"all"}]}}],"url":"https://www.netzwerk-universitaetsmedizin.de/fhir/cpg-on-ebm-on-fhir/StructureDefinition/ext-action-combination-method"}],"url":"https://www.netzwerk-universitaetsmedizin.de/fhir/codex-celida/guideline/DIVI-DigiQIs/intervention/PEEP_adjustedTo_FiO2-60to79","version":"1.0","name":"Intervention_PEEP_adjustedTo_FiO2_60to79","title":"PEEP adjusted to FiO2=0.60-0.79","type":{"coding":[{"system":"http://terminology.hl7.org/CodeSystem/plan-definition-type","code":"eca-rule"}]},"status":"active","subjectCanonical":"https://www.netzwerk-universitaetsmedizin.de/fhir/codex-celida/guideline/DIVI-DigiQIs/population/intensive-care-patients_severe-ards_invasive-ventilation_FiO2-60to79","date":"2024-03-29","description":"PEEP should be adjusted according to the table on ardsnet.org in dependence of the FiO2 required to achieve adequate oxygenation in all ventilated ICU patients with severe ARDS.","goal":[{"id":"peep-goal-fiO2-60to79","category":{"coding":[{"system":"http://snomed.info/sct","code":"385857005","display":"Ventilator care and adjustment (regime/therapy)"}]},"description":{"text":"PEEP should be set to 10-20 cmH2O for FiO2 0.60-0.79."},"target":[{"measure":{"coding":[{"system":"http://loinc.org","code":"76248-4","display":"PEEP Respiratory system --on ventilator"}]},"detailRange":{"low":{"value":10,"unit":"cm[H2O]","system":"http://unitsofmeasure.org","code":"cm[H2O]"},"high":{"value":20,"unit":"cm[H2O]","system":"http://unitsofmeasure.org","code":"cm[H2O]"}}}]}],"action":[{"code":{"coding":[{"system":"http://snomed.info/sct","code":"410210009","display":"Ventilator care management (procedure)"}]},"goalId":["peep-goal-fiO2-60to79"]}]}