{"resourceType":"PlanDefinition","id":"SedationLevelAnalgesiaLevelDeliriumStatusInAcceptableRanges","meta":{"profile":["https://www.netzwerk-universitaetsmedizin.de/fhir/cpg-on-ebm-on-fhir/StructureDefinition/recommendation-plan"]},"extension":[{"url":"http://hl7.org/fhir/uv/cpg/StructureDefinition/cpg-knowledgeCapability","valueCode":"computable"},{"url":"http://hl7.org/fhir/uv/cpg/StructureDefinition/cpg-knowledgeRepresentationLevel","valueCode":"structured"},{"url":"http://hl7.org/fhir/uv/cpg/StructureDefinition/cpg-partOf","valueCanonical":"https://www.netzwerk-universitaetsmedizin.de/fhir/codex-celida/guideline/DIVI-DigiQIs/recommendation/DIVI-QualityIndicator-2"},{"extension":[{"url":"method","valueCodeableConcept":{"coding":[{"system":"https://www.netzwerk-universitaetsmedizin.de/fhir/cpg-on-ebm-on-fhir/CodeSystem/cs-action-combination-method","code":"all"}]}}],"url":"https://www.netzwerk-universitaetsmedizin.de/fhir/cpg-on-ebm-on-fhir/StructureDefinition/ext-action-combination-method"}],"url":"https://www.netzwerk-universitaetsmedizin.de/fhir/codex-celida/guideline/DIVI-DigiQIs/intervention/Sedation-Level_Analgesia-Level_Delirium-Status_In-Acceptable-Ranges","version":"1.0","name":"Intervention_SedationLevel_AnalgesiaLevel_DeliriumStatus_InAcceptableranges","title":"Sedation Level, Analgesia Level and Delirium Status in acceptable ranges.","type":{"coding":[{"system":"http://terminology.hl7.org/CodeSystem/plan-definition-type","code":"eca-rule"}]},"status":"active","subjectCanonical":"https://www.netzwerk-universitaetsmedizin.de/fhir/codex-celida/guideline/DIVI-DigiQIs/population/intensive-care-patients","date":"2024-03-29","description":"Sedation Level, Analgesia Level and Delirium Status should be in acceptable ranges.","goal":[{"id":"sedation-rass-inrange-goal","category":{"coding":[{"system":"http://snomed.info/sct","code":"273249006","display":"Assessment scales (assessment scale)"}]},"description":{"text":"Sedation Level should be within RASS scores of -1 to +1"},"target":[{"measure":{"coding":[{"system":"http://snomed.info/sct","version":"http://snomed.info/sct/731000124108/version/20230901","code":"457441000124102","display":"Richmond agitation-sedation scale"}]},"detailRange":{"low":{"value":-1,"system":"http://unitsofmeasure.org"},"high":{"value":1,"system":"http://unitsofmeasure.org"}}}]},{"id":"analgesia-nrs-inrange-goal","category":{"coding":[{"system":"http://snomed.info/sct","code":"273249006","display":"Assessment scales (assessment scale)"}]},"description":{"text":"Analgesia Level should be within NRS scores of 0 to 3"},"target":[{"measure":{"coding":[{"system":"http://snomed.info/sct","version":"http://snomed.info/sct/900000000000207008/version/20240201","code":"1284852002","display":"Numeric Pain Rating Scale"}]},"detailRange":{"low":{"value":0,"system":"http://unitsofmeasure.org"},"high":{"value":3,"system":"http://unitsofmeasure.org"}}}]},{"id":"analgesia-vas-inrange-goal","category":{"coding":[{"system":"http://snomed.info/sct","code":"273249006","display":"Assessment scales (assessment scale)"}]},"description":{"text":"Analgesia Level should be within VAS scores of 0 to 3"},"target":[{"measure":{"coding":[{"system":"http://snomed.info/sct","code":"273904000","display":"Visual analog pain scale"}]},"detailRange":{"low":{"value":0,"system":"http://unitsofmeasure.org"},"high":{"value":3,"system":"http://unitsofmeasure.org"}}}]},{"id":"analgesia-bps-inrange-goal","category":{"coding":[{"system":"http://snomed.info/sct","code":"273249006","display":"Assessment scales (assessment scale)"}]},"description":{"text":"Analgesia Level should be within BPS scores of 0 to 3"},"target":[{"measure":{"coding":[{"system":"http://divi.de/forschung/sektionsgruppen/qualitaetsverbesserung-und-informationstechnologie/informationstechnologie-und-medizintechnik","code":"BPS","display":"Behavioral Pain Scale"}]},"detailRange":{"low":{"value":0,"system":"http://unitsofmeasure.org"},"high":{"value":3,"system":"http://unitsofmeasure.org"}}}]},{"id":"delirium-camicu-inrange-goal","category":{"coding":[{"system":"http://snomed.info/sct","code":"273249006","display":"Assessment scales (assessment scale)"}]},"description":{"text":"Delirium Status should be within CAM-ICU scores of 0 (No Delirium)"},"target":[{"measure":{"coding":[{"system":"http://divi.de/forschung/sektionsgruppen/qualitaetsverbesserung-und-informationstechnologie/informationstechnologie-und-medizintechnik","code":"CAM-ICU","display":"CAM-ICU"}]},"detailRange":{"low":{"value":0,"system":"http://unitsofmeasure.org"},"high":{"value":0,"system":"http://unitsofmeasure.org"}}}]},{"id":"delirium-icdsc-inrange-goal","category":{"coding":[{"system":"http://snomed.info/sct","code":"273249006","display":"Assessment scales (assessment scale)"}]},"description":{"text":"Delirium Status should be within ICDSC scores of 0 (No Delirium)"},"target":[{"measure":{"coding":[{"system":"http://divi.de/forschung/sektionsgruppen/qualitaetsverbesserung-und-informationstechnologie/informationstechnologie-und-medizintechnik","code":"ICDSC","display":"ICDSC"}]},"detailRange":{"low":{"value":0,"system":"http://unitsofmeasure.org"},"high":{"value":0,"system":"http://unitsofmeasure.org"}}}]}],"action":[{"code":{"coding":[{"system":"http://snomed.info/sct","code":"386053000","display":"Evaluation procedure (procedure)"}]},"goalId":["sedation-rass-inrange-goal","analgesia-nrs-inrange-goal","analgesia-vas-inrange-goal","analgesia-bps-inrange-goal","delirium-camicu-inrange-goal","delirium-icdsc-inrange-goal"]}]}