{
  "resourceType" : "ActivityDefinition",
  "id" : "DailyMobilization",
  "text" : {
    "status" : "generated",
    "div" : "<div xmlns=\"http://www.w3.org/1999/xhtml\"><p class=\"res-header-id\"><b>Generated Narrative: ActivityDefinition DailyMobilization</b></p><a name=\"DailyMobilization\"> </a><a name=\"hcDailyMobilization\"> </a><a name=\"DailyMobilization-en-US\"> </a><p><b>url</b>: <a href=\"ActivityDefinition-DailyMobilization.html\">ActivityDefinition Daily Mobilization</a></p><p><b>version</b>: 7.0</p><p><b>name</b>: DailyMobilization</p><p><b>title</b>: Daily Mobilization</p><p><b>status</b>: Active</p><p><b>experimental</b>: true</p><p><b>date</b>: 2024-08-12 09:30:16+0000</p><p><b>publisher</b>: NUM CODEX+ CELIDA</p><p><b>description</b>: </p><div><p>Mobilization that occurs at least once a day.</p>\n</div><p><b>code</b>: <span title=\"Codes:{http://snomed.info/sct 74923002}\">Mobilization</span></p><p><b>timing</b>: Once per1 days</p></div>"
  },
  "url" : "https://www.netzwerk-universitaetsmedizin.de/fhir/codex-celida/guideline/DIVI-DigiQIs/recommended-action/daily-mobilization",
  "version" : "7.0",
  "name" : "DailyMobilization",
  "title" : "Daily Mobilization",
  "status" : "active",
  "experimental" : true,
  "date" : "2024-08-12T09:30:16+00:00",
  "publisher" : "NUM CODEX+ CELIDA",
  "description" : "Mobilization that occurs at least once a day.",
  "code" : {
    "coding" : [{
      "system" : "http://snomed.info/sct",
      "code" : "74923002",
      "display" : "Mobilization"
    }]
  },
  "timingTiming" : {
    "repeat" : {
      "frequency" : 1,
      "period" : 1,
      "periodUnit" : "d"
    }
  }
}