{
  "resourceType" : "EvidenceVariable",
  "id" : "IntensiveCarePatients-PredictedInsufficientEnergyIntake",
  "meta" : {
    "profile" : ["https://www.netzwerk-universitaetsmedizin.de/fhir/cpg-on-ebm-on-fhir/StructureDefinition/recommendation-eligibility-criteria"]
  },
  "text" : {
    "status" : "generated",
    "div" : "<div xmlns=\"http://www.w3.org/1999/xhtml\"><p class=\"res-header-id\"><b>Generated Narrative: EvidenceVariable IntensiveCarePatients-PredictedInsufficientEnergyIntake</b></p><a name=\"IntensiveCarePatients-PredictedInsufficientEnergyIntake\"> </a><a name=\"hcIntensiveCarePatients-PredictedInsufficientEnergyIntake\"> </a><a name=\"IntensiveCarePatients-PredictedInsufficientEnergyIntake-en-US\"> </a><p><b>url</b>: <a href=\"EvidenceVariable-IntensiveCarePatients-PredictedInsufficientEnergyIntake.html\">EvidenceVariable Population: Intensive Care Patients with Predicted Insufficient Energy Intake</a></p><p><b>name</b>: Population_IntensiveCarePatients_PredictedInsufficientEnergyIntake</p><p><b>title</b>: Population: Intensive Care Patients with Predicted Insufficient Energy Intake</p><p><b>status</b>: Active</p><p><b>date</b>: 2024-08-12 09:30:16+0000</p><p><b>description</b>: </p><div><p>Intensive Care Patients with Predicted Insufficient Energy Intake</p>\n</div><blockquote><p><b>characteristic</b></p><p><b>exclude</b>: false</p><h3>DefinitionByTypeAndValues</h3><table class=\"grid\"><tr><td style=\"display: none\">-</td><td><b>Type</b></td><td><b>Value[x]</b></td></tr><tr><td style=\"display: none\">*</td><td><span title=\"Codes:{http://snomed.info/sct 71388002}\">Procedure (procedure)</span></td><td><span title=\"Codes:{http://snomed.info/sct 133903000}\">Care of Intensive Care Unit Patient</span></td></tr></table></blockquote><blockquote><p><b>characteristic</b></p><p><b>exclude</b>: false</p><h3>DefinitionByTypeAndValues</h3><table class=\"grid\"><tr><td style=\"display: none\">-</td><td><b>Type</b></td><td><b>Value[x]</b></td></tr><tr><td style=\"display: none\">*</td><td><span title=\"Codes:{http://snomed.info/sct 404684003}\">Clinical finding (finding)</span></td><td><span title=\"Codes:{http://snomed.info/sct 440331000124103}\">Predicted Inadequate Energy Intake</span></td></tr></table></blockquote></div>"
  },
  "url" : "https://www.netzwerk-universitaetsmedizin.de/fhir/codex-celida/guideline/DIVI-DigiQIs/population/intensive-care-patients_predicted-insufficient-energy-intake",
  "name" : "Population_IntensiveCarePatients_PredictedInsufficientEnergyIntake",
  "title" : "Population: Intensive Care Patients with Predicted Insufficient Energy Intake",
  "status" : "active",
  "date" : "2024-08-12T09:30:16+00:00",
  "description" : "Intensive Care Patients with Predicted Insufficient Energy Intake",
  "characteristic" : [{
    "exclude" : false,
    "definitionByTypeAndValue" : {
      "type" : {
        "coding" : [{
          "system" : "http://snomed.info/sct",
          "code" : "71388002",
          "display" : "Procedure (procedure)"
        }]
      },
      "valueCodeableConcept" : {
        "coding" : [{
          "system" : "http://snomed.info/sct",
          "code" : "133903000",
          "display" : "Care of Intensive Care Unit Patient"
        }]
      }
    }
  },
  {
    "exclude" : false,
    "definitionByTypeAndValue" : {
      "type" : {
        "coding" : [{
          "system" : "http://snomed.info/sct",
          "code" : "404684003",
          "display" : "Clinical finding (finding)"
        }]
      },
      "valueCodeableConcept" : {
        "coding" : [{
          "system" : "http://snomed.info/sct",
          "code" : "440331000124103",
          "display" : "Predicted Inadequate Energy Intake"
        }]
      }
    }
  }]
}