{
  "resourceType" : "EvidenceVariable",
  "id" : "IntensiveCarePatients-WithOut-NoMobilizationOrder",
  "meta" : {
    "profile" : ["https://www.netzwerk-universitaetsmedizin.de/fhir/cpg-on-ebm-on-fhir/StructureDefinition/recommendation-eligibility-criteria"]
  },
  "text" : {
    "status" : "generated",
    "div" : "<div xmlns=\"http://www.w3.org/1999/xhtml\"><p class=\"res-header-id\"><b>Generated Narrative: EvidenceVariable IntensiveCarePatients-WithOut-NoMobilizationOrder</b></p><a name=\"IntensiveCarePatients-WithOut-NoMobilizationOrder\"> </a><a name=\"hcIntensiveCarePatients-WithOut-NoMobilizationOrder\"> </a><a name=\"IntensiveCarePatients-WithOut-NoMobilizationOrder-en-US\"> </a><p><b>url</b>: <a href=\"EvidenceVariable-IntensiveCarePatients-WithOut-NoMobilizationOrder.html\">EvidenceVariable Population: Intensive Care Patients without a no-mobilization order</a></p><p><b>name</b>: Population_IntensiveCarePatients_WithOut_NoMobilizationOrder</p><p><b>title</b>: Population: Intensive Care Patients without a no-mobilization order</p><p><b>status</b>: Active</p><p><b>date</b>: 2024-08-12 09:30:16+0000</p><p><b>description</b>: </p><div><p>Intensive Care Patients without a no-mobilization order</p>\n</div><blockquote><p><b>characteristic</b></p><p><b>exclude</b>: false</p><h3>DefinitionByTypeAndValues</h3><table class=\"grid\"><tr><td style=\"display: none\">-</td><td><b>Type</b></td><td><b>Value[x]</b></td></tr><tr><td style=\"display: none\">*</td><td><span title=\"Codes:{http://snomed.info/sct 71388002}\">Procedure (procedure)</span></td><td><span title=\"Codes:{http://snomed.info/sct 133903000}\">Care of Intensive Care Unit Patient</span></td></tr></table></blockquote><blockquote><p><b>characteristic</b></p><p><b>exclude</b>: true</p><h3>DefinitionByTypeAndValues</h3><table class=\"grid\"><tr><td style=\"display: none\">-</td><td><b>Type</b></td><td><b>Value[x]</b></td></tr><tr><td style=\"display: none\">*</td><td><span title=\"Codes:{http://snomed.info/sct 721963009}\">Order (record artifact)</span></td><td><span title=\"Codes:{http://divi.de/forschung/sektionsgruppen/qualitaetsverbesserung-und-informationstechnologie/informationstechnologie-und-medizintechnik ORDER-NO-MOBIL}\">Order to not mobilize</span></td></tr></table></blockquote></div>"
  },
  "url" : "https://www.netzwerk-universitaetsmedizin.de/fhir/codex-celida/guideline/DIVI-DigiQIs/population/intensive-care-patients_without_no-mobilization-order",
  "name" : "Population_IntensiveCarePatients_WithOut_NoMobilizationOrder",
  "title" : "Population: Intensive Care Patients without a no-mobilization order",
  "status" : "active",
  "date" : "2024-08-12T09:30:16+00:00",
  "description" : "Intensive Care Patients without a no-mobilization order",
  "characteristic" : [{
    "exclude" : false,
    "definitionByTypeAndValue" : {
      "type" : {
        "coding" : [{
          "system" : "http://snomed.info/sct",
          "code" : "71388002",
          "display" : "Procedure (procedure)"
        }]
      },
      "valueCodeableConcept" : {
        "coding" : [{
          "system" : "http://snomed.info/sct",
          "code" : "133903000",
          "display" : "Care of Intensive Care Unit Patient"
        }]
      }
    }
  },
  {
    "exclude" : true,
    "definitionByTypeAndValue" : {
      "type" : {
        "coding" : [{
          "system" : "http://snomed.info/sct",
          "code" : "721963009",
          "display" : "Order (record artifact)"
        }]
      },
      "valueCodeableConcept" : {
        "coding" : [{
          "system" : "http://divi.de/forschung/sektionsgruppen/qualitaetsverbesserung-und-informationstechnologie/informationstechnologie-und-medizintechnik",
          "code" : "ORDER-NO-MOBIL",
          "display" : "Order to not mobilize"
        }]
      }
    }
  }]
}