{
  "resourceType" : "ImplementationGuide",
  "id" : "template.cpg-on-ebmonfhir.netzwerk-universitaetsmedizin.de",
  "text" : {
    "status" : "generated",
    "div" : "<div xmlns=\"http://www.w3.org/1999/xhtml\"><p class=\"res-header-id\"><b>Generated Narrative: ImplementationGuide template.cpg-on-ebmonfhir.netzwerk-universitaetsmedizin.de</b></p><a name=\"template.cpg-on-ebmonfhir.netzwerk-universitaetsmedizin.de\"> </a><a name=\"hctemplate.cpg-on-ebmonfhir.netzwerk-universitaetsmedizin.de\"> </a><a name=\"template.cpg-on-ebmonfhir.netzwerk-universitaetsmedizin.de-en-US\"> </a><h2>CPGonEBMonFHIRtemplate</h2><p>The official URL for this implementation guide is: </p><pre>https://www.netzwerk-universitaetsmedizin.de/fhir/cpg-on-ebmonfhir/example/ImplementationGuide/template.cpg-on-ebmonfhir.netzwerk-universitaetsmedizin.de</pre></div>"
  },
  "url" : "https://www.netzwerk-universitaetsmedizin.de/fhir/cpg-on-ebmonfhir/example/ImplementationGuide/template.cpg-on-ebmonfhir.netzwerk-universitaetsmedizin.de",
  "version" : "0.0.1-snapshot",
  "name" : "CPGonEBMonFHIRtemplate",
  "title" : "CPG-on-EBMonFHIR template",
  "status" : "draft",
  "date" : "2024-08-12T09:30:16+00:00",
  "publisher" : "Example",
  "contact" : [{
    "name" : "Example",
    "telecom" : [{
      "system" : "url",
      "value" : "https://www.example.com"
    }]
  }],
  "packageId" : "template.cpg-on-ebmonfhir.netzwerk-universitaetsmedizin.de",
  "license" : "CC0-1.0",
  "fhirVersion" : ["5.0.0"],
  "dependsOn" : [{
    "id" : "hl7tx",
    "extension" : [{
      "url" : "http://hl7.org/fhir/tools/StructureDefinition/implementationguide-dependency-comment",
      "valueMarkdown" : "Automatically added as a dependency - all IGs depend on HL7 Terminology"
    }],
    "uri" : "http://terminology.hl7.org/ImplementationGuide/hl7.terminology",
    "packageId" : "hl7.terminology.r5",
    "version" : "6.0.2"
  },
  {
    "id" : "hl7ext",
    "extension" : [{
      "url" : "http://hl7.org/fhir/tools/StructureDefinition/implementationguide-dependency-comment",
      "valueMarkdown" : "Automatically added as a dependency - all IGs depend on the HL7 Extension Pack"
    }],
    "uri" : "http://hl7.org/fhir/extensions/ImplementationGuide/hl7.fhir.uv.extensions",
    "packageId" : "hl7.fhir.uv.extensions.r5",
    "version" : "5.1.0"
  },
  {
    "id" : "de_netzwerk_universitaetsmedizin_ebm_cpg",
    "uri" : "https://www.netzwerk-universitaetsmedizin.de/fhir/cpg-on-ebm-on-fhir/ImplementationGuide/de.netzwerk-universitaetsmedizin.ebm-cpg",
    "packageId" : "de.netzwerk-universitaetsmedizin.ebm-cpg",
    "version" : "0.8.0-snapshot"
  }],
  "definition" : {
    "extension" : [{
      "url" : "http://hl7.org/fhir/tools/StructureDefinition/ig-internal-dependency",
      "valueCode" : "hl7.fhir.uv.tools#0.1.0"
    }],
    "resource" : [{
      "extension" : [{
        "url" : "http://hl7.org/fhir/tools/StructureDefinition/resource-information",
        "valueString" : "CodeSystem"
      }],
      "reference" : {
        "reference" : "CodeSystem/codex-celida"
      },
      "name" : "CODEX-CELIDA",
      "description" : "Concepts required in recommendations that are not defined elsewhere",
      "isExample" : false
    },
    {
      "extension" : [{
        "url" : "http://hl7.org/fhir/tools/StructureDefinition/resource-information",
        "valueString" : "ActivityDefinition"
      }],
      "reference" : {
        "reference" : "ActivityDefinition/DailyAssessmentAntibioticDuration"
      },
      "name" : "Daily Assessment of the Duration of Antibiotic Therapy",
      "description" : "All Antibiotics are daily re-evaluated for the Duration of Therapy for each Antibiotic.",
      "isExample" : false
    },
    {
      "extension" : [{
        "url" : "http://hl7.org/fhir/tools/StructureDefinition/resource-information",
        "valueString" : "ActivityDefinition"
      }],
      "reference" : {
        "reference" : "ActivityDefinition/DailyAssessmentAntibioticFocus"
      },
      "name" : "Daily Assessment of the Focus for Antibiotics",
      "description" : "All Antibiotics are daily re-evaluated for the Focus for each Antibiotic.",
      "isExample" : false
    },
    {
      "extension" : [{
        "url" : "http://hl7.org/fhir/tools/StructureDefinition/resource-information",
        "valueString" : "ActivityDefinition"
      }],
      "reference" : {
        "reference" : "ActivityDefinition/DailyAssessmentAntibioticIndication"
      },
      "name" : "Daily Assessment of the Indication for Antibiotics",
      "description" : "All Antibiotics are daily re-evaluated for the Indication for each Antibiotic.",
      "isExample" : false
    },
    {
      "extension" : [{
        "url" : "http://hl7.org/fhir/tools/StructureDefinition/resource-information",
        "valueString" : "ActivityDefinition"
      }],
      "reference" : {
        "reference" : "ActivityDefinition/DailyWeaningAssessments"
      },
      "name" : "Daily Assessments of Readiness-to-wean from mechanical ventilation",
      "description" : "Readiness-to-wean from mechanical ventilation is assessed periodically every day.",
      "isExample" : false
    },
    {
      "extension" : [{
        "url" : "http://hl7.org/fhir/tools/StructureDefinition/resource-information",
        "valueString" : "PlanDefinition"
      }],
      "reference" : {
        "reference" : "PlanDefinition/DailyDocumentationTreatmentGoals"
      },
      "name" : "Daily Documentation of Treatment Goals",
      "description" : "Treatment Goals should be documented daily for every Intensive Care Patient.",
      "isExample" : false
    },
    {
      "extension" : [{
        "url" : "http://hl7.org/fhir/tools/StructureDefinition/resource-information",
        "valueString" : "PlanDefinition"
      }],
      "reference" : {
        "reference" : "PlanDefinition/PeriodicAssessmentOfWeaning"
      },
      "name" : "Daily Evaluation of Readiness-to-Wean and/or Weaning Trials",
      "description" : "All invasive ventilated Intensive Care Patients should be evaluated for their readiness-to-wean and/or receive weaning trials at least once every day.",
      "isExample" : false
    },
    {
      "extension" : [{
        "url" : "http://hl7.org/fhir/tools/StructureDefinition/resource-information",
        "valueString" : "ActivityDefinition"
      }],
      "reference" : {
        "reference" : "ActivityDefinition/DailyMobilization"
      },
      "name" : "Daily Mobilization",
      "description" : "Mobilization that occurs at least once a day.",
      "isExample" : false
    },
    {
      "extension" : [{
        "url" : "http://hl7.org/fhir/tools/StructureDefinition/resource-information",
        "valueString" : "PlanDefinition"
      }],
      "reference" : {
        "reference" : "PlanDefinition/DailyMultiprofessionalWardRounds"
      },
      "name" : "Daily multiprofessional ward rounds",
      "description" : "Every Intensive Care Patient should be visited daily in multiprofessional ward rounds led by an intensive care specialist.",
      "isExample" : false
    },
    {
      "extension" : [{
        "url" : "http://hl7.org/fhir/tools/StructureDefinition/resource-information",
        "valueString" : "ActivityDefinition"
      }],
      "reference" : {
        "reference" : "ActivityDefinition/DailyMultiprofessionalWardRoundsAction"
      },
      "name" : "Daily multiprofessional ward rounds",
      "description" : "Every Intensive Care Patient is visited daily in multiprofessional ward rounds led by an intensive care specialist.",
      "isExample" : false
    },
    {
      "extension" : [{
        "url" : "http://hl7.org/fhir/tools/StructureDefinition/resource-information",
        "valueString" : "ActivityDefinition"
      }],
      "reference" : {
        "reference" : "ActivityDefinition/DailyStopOrdersInvasiveDevices"
      },
      "name" : "Daily Stop-Orders for Invasive Devices",
      "description" : "All invasive devices have a daily re-evaluation regarding the necessity of each device.",
      "isExample" : false
    },
    {
      "extension" : [{
        "url" : "http://hl7.org/fhir/tools/StructureDefinition/resource-information",
        "valueString" : "ActivityDefinition"
      }],
      "reference" : {
        "reference" : "ActivityDefinition/DailyTreatmentGoals"
      },
      "name" : "Daily Treatment Goals",
      "description" : "Daily Treatment Goals are set at least once every day.",
      "isExample" : false
    },
    {
      "extension" : [{
        "url" : "http://hl7.org/fhir/tools/StructureDefinition/resource-information",
        "valueString" : "ActivityDefinition"
      }],
      "reference" : {
        "reference" : "ActivityDefinition/DailyWeaningTrials"
      },
      "name" : "Daily Weaning Trials",
      "description" : "Weaning trials are performed periodically every day.",
      "isExample" : false
    },
    {
      "extension" : [{
        "url" : "http://hl7.org/fhir/tools/StructureDefinition/resource-information",
        "valueString" : "ActivityDefinition"
      }],
      "reference" : {
        "reference" : "ActivityDefinition/DeliriumAssessmentEarlyShift"
      },
      "name" : "Delirium Assessment during Early Shift",
      "description" : "Delirium should be assessed once between 6 AM and <2 PM every day.",
      "isExample" : false
    },
    {
      "extension" : [{
        "url" : "http://hl7.org/fhir/tools/StructureDefinition/resource-information",
        "valueString" : "ActivityDefinition"
      }],
      "reference" : {
        "reference" : "ActivityDefinition/DeliriumAssessmentLateShift"
      },
      "name" : "Delirium Assessment during Late Shift",
      "description" : "Delirium should be assessed once between 2 AM and <10 PM every day.",
      "isExample" : false
    },
    {
      "extension" : [{
        "url" : "http://hl7.org/fhir/tools/StructureDefinition/resource-information",
        "valueString" : "ActivityDefinition"
      }],
      "reference" : {
        "reference" : "ActivityDefinition/DeliriumAssessmentNightShift"
      },
      "name" : "Delirium Assessment during Night Shift",
      "description" : "Delirium should be assessed once between 10 PM and <6 AM every day.",
      "isExample" : false
    },
    {
      "extension" : [{
        "url" : "http://hl7.org/fhir/tools/StructureDefinition/resource-information",
        "valueString" : "PlanDefinition"
      }],
      "reference" : {
        "reference" : "PlanDefinition/DischargeWithoutHomeVentilation"
      },
      "name" : "Discharge with dependence on home ventilation",
      "description" : "The fraction of patients discharged with dependence on home ventilation should be low.",
      "isExample" : false
    },
    {
      "extension" : [{
        "url" : "http://hl7.org/fhir/tools/StructureDefinition/resource-information",
        "valueString" : "PlanDefinition"
      }],
      "reference" : {
        "reference" : "PlanDefinition/DIVIQualityIndicator1"
      },
      "name" : "DIVI Quality Indicator 1",
      "description" : "DIVI Quality Indicator 1: Daily multiprofessional ward rounds with documentation of treatment goals",
      "isExample" : false
    },
    {
      "extension" : [{
        "url" : "http://hl7.org/fhir/tools/StructureDefinition/resource-information",
        "valueString" : "PlanDefinition"
      }],
      "reference" : {
        "reference" : "PlanDefinition/DIVIQualityIndicator2"
      },
      "name" : "DIVI Quality Indicator 2",
      "description" : "DIVI Quality Indicator 2: Management of Sedation, Analgesia and Delirium",
      "isExample" : false
    },
    {
      "extension" : [{
        "url" : "http://hl7.org/fhir/tools/StructureDefinition/resource-information",
        "valueString" : "PlanDefinition"
      }],
      "reference" : {
        "reference" : "PlanDefinition/DIVIQualityIndicator3"
      },
      "name" : "DIVI Quality Indicator 3",
      "description" : "DIVI Quality Indicator 3: Patient-adapted Ventilation",
      "isExample" : false
    },
    {
      "extension" : [{
        "url" : "http://hl7.org/fhir/tools/StructureDefinition/resource-information",
        "valueString" : "PlanDefinition"
      }],
      "reference" : {
        "reference" : "PlanDefinition/DIVIQualityIndicator4"
      },
      "name" : "DIVI Quality Indicator 4",
      "description" : "DIVI Quality Indicator 4: Early Weaning from Invasive Ventilation",
      "isExample" : false
    },
    {
      "extension" : [{
        "url" : "http://hl7.org/fhir/tools/StructureDefinition/resource-information",
        "valueString" : "PlanDefinition"
      }],
      "reference" : {
        "reference" : "PlanDefinition/DIVIQualityIndicator5"
      },
      "name" : "DIVI Quality Indicator 5",
      "description" : "DIVI Quality Indicator 5: Infection Prevention",
      "isExample" : false
    },
    {
      "extension" : [{
        "url" : "http://hl7.org/fhir/tools/StructureDefinition/resource-information",
        "valueString" : "PlanDefinition"
      }],
      "reference" : {
        "reference" : "PlanDefinition/DIVIQualityIndicator6"
      },
      "name" : "DIVI Quality Indicator 6",
      "description" : "DIVI Quality Indicator 6: Infection Management",
      "isExample" : false
    },
    {
      "extension" : [{
        "url" : "http://hl7.org/fhir/tools/StructureDefinition/resource-information",
        "valueString" : "PlanDefinition"
      }],
      "reference" : {
        "reference" : "PlanDefinition/DIVIQualityIndicator7"
      },
      "name" : "DIVI Quality Indicator 7",
      "description" : "DIVI Quality Indicator 7: Patient-adapted Clinical Nutrition",
      "isExample" : false
    },
    {
      "extension" : [{
        "url" : "http://hl7.org/fhir/tools/StructureDefinition/resource-information",
        "valueString" : "PlanDefinition"
      }],
      "reference" : {
        "reference" : "PlanDefinition/DIVIQualityIndicator8"
      },
      "name" : "DIVI Quality Indicator 8",
      "description" : "DIVI Quality Indicator 8: Structured Communication with Patients and Relatives",
      "isExample" : false
    },
    {
      "extension" : [{
        "url" : "http://hl7.org/fhir/tools/StructureDefinition/resource-information",
        "valueString" : "PlanDefinition"
      }],
      "reference" : {
        "reference" : "PlanDefinition/DIVIQualityIndicator9"
      },
      "name" : "DIVI Quality Indicator 9",
      "description" : "DIVI Quality Indicator 9: Early Mobilization",
      "isExample" : false
    },
    {
      "extension" : [{
        "url" : "http://hl7.org/fhir/tools/StructureDefinition/resource-information",
        "valueString" : "CodeSystem"
      }],
      "reference" : {
        "reference" : "CodeSystem/divi-qi-s"
      },
      "name" : "DIVI Sektion Qualitätsverbesserung und Informationstechnologie Qualitätsindikatoren Semantik",
      "description" : "DIVI Sektion Qualitätsverbesserung und Informationstechnologie Qualitätsindikatoren Semantik",
      "isExample" : false
    },
    {
      "extension" : [{
        "url" : "http://hl7.org/fhir/tools/StructureDefinition/resource-information",
        "valueString" : "PlanDefinition"
      }],
      "reference" : {
        "reference" : "PlanDefinition/DrivingPressureLimitation"
      },
      "name" : "Driving Pressure Limitation",
      "description" : "Driving Pressure should be limited to a maximum of 15 cmH2O in all invasive ventilated ICU patients with severe ARDS.",
      "isExample" : false
    },
    {
      "extension" : [{
        "url" : "http://hl7.org/fhir/tools/StructureDefinition/resource-information",
        "valueString" : "PlanDefinition"
      }],
      "reference" : {
        "reference" : "PlanDefinition/EarlyEnteralFeeding"
      },
      "name" : "Early Enteral Feeding",
      "description" : "All Intensive Care Patients for which a sufficient oral nutrition is not expected on day one should be started on enteral feeding within 24 hours.",
      "isExample" : false
    },
    {
      "extension" : [{
        "url" : "http://hl7.org/fhir/tools/StructureDefinition/resource-information",
        "valueString" : "ActivityDefinition"
      }],
      "reference" : {
        "reference" : "ActivityDefinition/FirstCommunicationPatientsRelativesWithin72hours"
      },
      "name" : "First Communication with Patients and/or their Relatives within 72 hours",
      "description" : "An initial structured communication with the Patients and/or their Relatives occurs within 72 hours of Admission to Intensive Care.",
      "isExample" : false
    },
    {
      "extension" : [{
        "url" : "http://hl7.org/fhir/tools/StructureDefinition/resource-information",
        "valueString" : "ActivityDefinition"
      }],
      "reference" : {
        "reference" : "ActivityDefinition/FirstEnteralFeedingWithin24hours"
      },
      "name" : "First Enteral Feeding Within 24 hours",
      "description" : "First Enteral Feeding occurs within 24 hours after Admission to Intensive Care.",
      "isExample" : false
    },
    {
      "extension" : [{
        "url" : "http://hl7.org/fhir/tools/StructureDefinition/resource-information",
        "valueString" : "ActivityDefinition"
      }],
      "reference" : {
        "reference" : "ActivityDefinition/FirstMobilizationWithin24hours"
      },
      "name" : "First Mobilization within 24 hours",
      "description" : "First Mobilization occurs within 24 hours after Admission to Intensive Care.",
      "isExample" : false
    },
    {
      "extension" : [{
        "url" : "http://hl7.org/fhir/tools/StructureDefinition/resource-information",
        "valueString" : "PlanDefinition"
      }],
      "reference" : {
        "reference" : "PlanDefinition/FrequencyBloodCultures"
      },
      "name" : "Frequency of Blood Cultures",
      "description" : "The Frequency of Blood Cultures should be at least 80 per 1000 days.",
      "isExample" : false
    },
    {
      "extension" : [{
        "url" : "http://hl7.org/fhir/tools/StructureDefinition/resource-information",
        "valueString" : "ActivityDefinition"
      }],
      "reference" : {
        "reference" : "ActivityDefinition/FrequentBloodCultures"
      },
      "name" : "Frequent Blood Cultures",
      "description" : "The Frequency of Blood Cultures is at least 80 per 1000 days.",
      "isExample" : false
    },
    {
      "extension" : [{
        "url" : "http://hl7.org/fhir/tools/StructureDefinition/resource-information",
        "valueString" : "PlanDefinition"
      }],
      "reference" : {
        "reference" : "PlanDefinition/HandDisinfectantConsumption"
      },
      "name" : "Hand Disinfectant Consumption",
      "description" : "The consumption of hand disinfectant should be more than 80 litres per 1000 days.",
      "isExample" : false
    },
    {
      "extension" : [{
        "url" : "http://hl7.org/fhir/tools/StructureDefinition/resource-information",
        "valueString" : "PlanDefinition"
      }],
      "reference" : {
        "reference" : "PlanDefinition/AntibioticsIndicationFocusDuration"
      },
      "name" : "Indication, Focus and Duration of Therapy for Antibiotics",
      "description" : "All Intensive Care Patients with Antibiotics should have a daily re-evaluation of the Indication, Focus and Duration of Therapy for each Antibiotic.",
      "isExample" : false
    },
    {
      "extension" : [{
        "url" : "http://hl7.org/fhir/tools/StructureDefinition/resource-information",
        "valueString" : "PlanDefinition"
      }],
      "reference" : {
        "reference" : "PlanDefinition/InfectionDeviceRatio"
      },
      "name" : "Infection-per-Device Ratio",
      "description" : "The number of infections per invasive devices is at zero.",
      "isExample" : false
    },
    {
      "extension" : [{
        "url" : "http://hl7.org/fhir/tools/StructureDefinition/resource-information",
        "valueString" : "PlanDefinition"
      }],
      "reference" : {
        "reference" : "PlanDefinition/InitialMobilization"
      },
      "name" : "Inital Mobilization",
      "description" : "All Intensive Care Patients should be mobilized within 24 hours after admission to ICU.",
      "isExample" : false
    },
    {
      "extension" : [{
        "url" : "http://hl7.org/fhir/tools/StructureDefinition/resource-information",
        "valueString" : "PlanDefinition"
      }],
      "reference" : {
        "reference" : "PlanDefinition/InitialCommunicationPatientsRelatives"
      },
      "name" : "Inital Structured Communication with Patients and/or Relatives",
      "description" : "For all Intensive Care Patients, an initial structured communication with the Patients and/or their Relatives should take place within 72 hours of Admission to Intensive Care.",
      "isExample" : false
    },
    {
      "extension" : [{
        "url" : "http://hl7.org/fhir/tools/StructureDefinition/resource-information",
        "valueString" : "ActivityDefinition"
      }],
      "reference" : {
        "reference" : "ActivityDefinition/NoDischargeWithHomeVentilation"
      },
      "name" : "No Discharge with Home Ventilation",
      "description" : "The patient is not discharged with home ventilation.",
      "isExample" : false
    },
    {
      "extension" : [{
        "url" : "http://hl7.org/fhir/tools/StructureDefinition/resource-information",
        "valueString" : "ActivityDefinition"
      }],
      "reference" : {
        "reference" : "ActivityDefinition/PainAssessmentEarlyShift"
      },
      "name" : "Pain Assessment during Early Shift",
      "description" : "Pain should be assessed once between 6 AM and <2 PM every day.",
      "isExample" : false
    },
    {
      "extension" : [{
        "url" : "http://hl7.org/fhir/tools/StructureDefinition/resource-information",
        "valueString" : "ActivityDefinition"
      }],
      "reference" : {
        "reference" : "ActivityDefinition/PainAssessmentLateShift"
      },
      "name" : "Pain Assessment during Late Shift",
      "description" : "Pain should be assessed once between 2 AM and <10 PM every day.",
      "isExample" : false
    },
    {
      "extension" : [{
        "url" : "http://hl7.org/fhir/tools/StructureDefinition/resource-information",
        "valueString" : "ActivityDefinition"
      }],
      "reference" : {
        "reference" : "ActivityDefinition/PainAssessmentNightShift"
      },
      "name" : "Pain Assessment during Night Shift",
      "description" : "Pain should be assessed once between 10 PM and <6 AM every day.",
      "isExample" : false
    },
    {
      "extension" : [{
        "url" : "http://hl7.org/fhir/tools/StructureDefinition/resource-information",
        "valueString" : "PlanDefinition"
      }],
      "reference" : {
        "reference" : "PlanDefinition/PEEPadjustedToFIO2-21to29"
      },
      "name" : "PEEP adjusted to FiO2=0.21-0.29",
      "description" : "PEEP should be adjusted according to the table on ardsnet.org in dependence of the FiO2 required to achieve adequate oxygenation in all ventilated ICU patients with severe ARDS.",
      "isExample" : false
    },
    {
      "extension" : [{
        "url" : "http://hl7.org/fhir/tools/StructureDefinition/resource-information",
        "valueString" : "PlanDefinition"
      }],
      "reference" : {
        "reference" : "PlanDefinition/PEEPadjustedToFIO2-30to39"
      },
      "name" : "PEEP adjusted to FiO2=0.30-0.39",
      "description" : "PEEP should be adjusted according to the table on ardsnet.org in dependence of the FiO2 required to achieve adequate oxygenation in all ventilated ICU patients with severe ARDS.",
      "isExample" : false
    },
    {
      "extension" : [{
        "url" : "http://hl7.org/fhir/tools/StructureDefinition/resource-information",
        "valueString" : "PlanDefinition"
      }],
      "reference" : {
        "reference" : "PlanDefinition/PEEPadjustedToFIO2-40to49"
      },
      "name" : "PEEP adjusted to FiO2=0.40-0.49",
      "description" : "PEEP should be adjusted according to the table on ardsnet.org in dependence of the FiO2 required to achieve adequate oxygenation in all ventilated ICU patients with severe ARDS.",
      "isExample" : false
    },
    {
      "extension" : [{
        "url" : "http://hl7.org/fhir/tools/StructureDefinition/resource-information",
        "valueString" : "PlanDefinition"
      }],
      "reference" : {
        "reference" : "PlanDefinition/PEEPadjustedToFIO2-50to59"
      },
      "name" : "PEEP adjusted to FiO2=0.50-0.59",
      "description" : "PEEP should be adjusted according to the table on ardsnet.org in dependence of the FiO2 required to achieve adequate oxygenation in all ventilated ICU patients with severe ARDS.",
      "isExample" : false
    },
    {
      "extension" : [{
        "url" : "http://hl7.org/fhir/tools/StructureDefinition/resource-information",
        "valueString" : "PlanDefinition"
      }],
      "reference" : {
        "reference" : "PlanDefinition/PEEPadjustedToFIO2-60to79"
      },
      "name" : "PEEP adjusted to FiO2=0.60-0.79",
      "description" : "PEEP should be adjusted according to the table on ardsnet.org in dependence of the FiO2 required to achieve adequate oxygenation in all ventilated ICU patients with severe ARDS.",
      "isExample" : false
    },
    {
      "extension" : [{
        "url" : "http://hl7.org/fhir/tools/StructureDefinition/resource-information",
        "valueString" : "PlanDefinition"
      }],
      "reference" : {
        "reference" : "PlanDefinition/PEEPadjustedToFIO2-80to99"
      },
      "name" : "PEEP adjusted to FiO2=0.80-0.99",
      "description" : "PEEP should be adjusted according to the table on ardsnet.org in dependence of the FiO2 required to achieve adequate oxygenation in all ventilated ICU patients with severe ARDS.",
      "isExample" : false
    },
    {
      "extension" : [{
        "url" : "http://hl7.org/fhir/tools/StructureDefinition/resource-information",
        "valueString" : "PlanDefinition"
      }],
      "reference" : {
        "reference" : "PlanDefinition/PEEPadjustedToFIO2-100"
      },
      "name" : "PEEP adjusted to FiO2=1.00",
      "description" : "PEEP should be adjusted according to the table on ardsnet.org in dependence of the FiO2 required to achieve adequate oxygenation in all ventilated ICU patients with severe ARDS.",
      "isExample" : false
    },
    {
      "extension" : [{
        "url" : "http://hl7.org/fhir/tools/StructureDefinition/resource-information",
        "valueString" : "PlanDefinition"
      }],
      "reference" : {
        "reference" : "PlanDefinition/PeriodicAssessmentOfSedationAnalgesiaDelirium"
      },
      "name" : "Periodic Assessment of Sedation Level, Analgesia Level and Delirium Status",
      "description" : "Sedation Level, Analgesia Level and Delirium Status should be assessed at least once in each shift (time-slots 6-14, 14-22, 22-6) in all Intensive Care Patients.",
      "isExample" : false
    },
    {
      "extension" : [{
        "url" : "http://hl7.org/fhir/tools/StructureDefinition/resource-information",
        "valueString" : "PlanDefinition"
      }],
      "reference" : {
        "reference" : "PlanDefinition/PeriodicMobilization"
      },
      "name" : "Periodic Mobilization",
      "description" : "All Intensive Care Patients that don't have a no-mobilization order should be mobilized at least once every day.",
      "isExample" : false
    },
    {
      "extension" : [{
        "url" : "http://hl7.org/fhir/tools/StructureDefinition/resource-information",
        "valueString" : "PlanDefinition"
      }],
      "reference" : {
        "reference" : "PlanDefinition/PeriodicCommunicationPatientsRelatives"
      },
      "name" : "Periodic Structured Communication with Patients and/or Relatives",
      "description" : "For all Intensive Care Patients, at least one structured communication with the Patients and/or their Relatives should take place every week.",
      "isExample" : false
    },
    {
      "extension" : [{
        "url" : "http://hl7.org/fhir/tools/StructureDefinition/resource-information",
        "valueString" : "PlanDefinition"
      }],
      "reference" : {
        "reference" : "PlanDefinition/PlateauPressureLimitation"
      },
      "name" : "Plateau Pressure Limitation",
      "description" : "Plateau Pressure should be limited to a maximum of 30 cmH2O in all invasive ventilated ICU patients with severe ARDS.",
      "isExample" : false
    },
    {
      "extension" : [{
        "url" : "http://hl7.org/fhir/tools/StructureDefinition/resource-information",
        "valueString" : "PlanDefinition"
      }],
      "reference" : {
        "reference" : "PlanDefinition/PenumoniaVentilatedPatientRatio"
      },
      "name" : "Pneumonia-per-Ventilated-Patients Ratio",
      "description" : "The number of pneumonia cases per ventilated patients should be low.",
      "isExample" : false
    },
    {
      "extension" : [{
        "url" : "http://hl7.org/fhir/tools/StructureDefinition/resource-information",
        "valueString" : "EvidenceVariable"
      }],
      "reference" : {
        "reference" : "EvidenceVariable/IntensiveCarePatients"
      },
      "name" : "Population: Intensive Care Patients",
      "description" : "Intensive Care Patients",
      "isExample" : false
    },
    {
      "extension" : [{
        "url" : "http://hl7.org/fhir/tools/StructureDefinition/resource-information",
        "valueString" : "EvidenceVariable"
      }],
      "reference" : {
        "reference" : "EvidenceVariable/IntensiveCarePatients-ClinicallyFed-NoAdipositas"
      },
      "name" : "Population: Intensive Care Patients that are clinically fed and have no Adipositas",
      "description" : "Intensive Care Patients that are clinically fed and have no Adipositas",
      "isExample" : false
    },
    {
      "extension" : [{
        "url" : "http://hl7.org/fhir/tools/StructureDefinition/resource-information",
        "valueString" : "EvidenceVariable"
      }],
      "reference" : {
        "reference" : "EvidenceVariable/IntensiveCarePatients-Antibiotic"
      },
      "name" : "Population: Intensive Care Patients with at least one antibiotic",
      "description" : "Intensive Care Patients with at least one antibiotic",
      "isExample" : false
    },
    {
      "extension" : [{
        "url" : "http://hl7.org/fhir/tools/StructureDefinition/resource-information",
        "valueString" : "EvidenceVariable"
      }],
      "reference" : {
        "reference" : "EvidenceVariable/IntensiveCarePatients-InvasiveDevice"
      },
      "name" : "Population: Intensive Care Patients with at least one invasive device",
      "description" : "Intensive Care Patients with at least one invasive device",
      "isExample" : false
    },
    {
      "extension" : [{
        "url" : "http://hl7.org/fhir/tools/StructureDefinition/resource-information",
        "valueString" : "EvidenceVariable"
      }],
      "reference" : {
        "reference" : "EvidenceVariable/IntensiveCarePatients-IntensiveCareLongerThanThreeDays"
      },
      "name" : "Population: Intensive Care Patients with Intensive Care Treatment Longer Than Three Days",
      "description" : "Intensive Care Patients with Intensive Care Treatment Longer Than Three Days",
      "isExample" : false
    },
    {
      "extension" : [{
        "url" : "http://hl7.org/fhir/tools/StructureDefinition/resource-information",
        "valueString" : "EvidenceVariable"
      }],
      "reference" : {
        "reference" : "EvidenceVariable/IntensiveCarePatients-InvasiveVentilation"
      },
      "name" : "Population: Intensive Care Patients with Invasive Ventilation",
      "description" : "Intensive Care Patients with Invasive Ventilation",
      "isExample" : false
    },
    {
      "extension" : [{
        "url" : "http://hl7.org/fhir/tools/StructureDefinition/resource-information",
        "valueString" : "EvidenceVariable"
      }],
      "reference" : {
        "reference" : "EvidenceVariable/IntensiveCarePatients-InvasiveVentilation-NoHomeVentilation"
      },
      "name" : "Population: Intensive Care Patients with Invasive Ventilation and no Home Ventilation",
      "description" : "Intensive Care Patients with Invasive Ventilation and no Home Ventilation",
      "isExample" : false
    },
    {
      "extension" : [{
        "url" : "http://hl7.org/fhir/tools/StructureDefinition/resource-information",
        "valueString" : "EvidenceVariable"
      }],
      "reference" : {
        "reference" : "EvidenceVariable/IntensiveCarePatients-PredictedInsufficientEnergyIntake"
      },
      "name" : "Population: Intensive Care Patients with Predicted Insufficient Energy Intake",
      "description" : "Intensive Care Patients with Predicted Insufficient Energy Intake",
      "isExample" : false
    },
    {
      "extension" : [{
        "url" : "http://hl7.org/fhir/tools/StructureDefinition/resource-information",
        "valueString" : "EvidenceVariable"
      }],
      "reference" : {
        "reference" : "EvidenceVariable/IntensiveCarePatients-SevereARDS-InvasiveVentilation"
      },
      "name" : "Population: Intensive Care Patients with Severe ARDS and Invasive Ventilation",
      "description" : "Intensive Care Patients with Severe ARDS and Invasive Ventilation",
      "isExample" : false
    },
    {
      "extension" : [{
        "url" : "http://hl7.org/fhir/tools/StructureDefinition/resource-information",
        "valueString" : "EvidenceVariable"
      }],
      "reference" : {
        "reference" : "EvidenceVariable/IntensiveCarePatients-SevereARDS-InvasiveVentilation-FiO2-21to29"
      },
      "name" : "Population: Intensive Care Patients with Severe ARDS and Invasive Ventilation with FiO2=0.21-0.29",
      "description" : "Intensive Care Patients with Severe ARDS and Invasive Ventilation with FiO2=0.21-0.29",
      "isExample" : false
    },
    {
      "extension" : [{
        "url" : "http://hl7.org/fhir/tools/StructureDefinition/resource-information",
        "valueString" : "EvidenceVariable"
      }],
      "reference" : {
        "reference" : "EvidenceVariable/IntensiveCarePatients-SevereARDS-InvasiveVentilation-FiO2-30to39"
      },
      "name" : "Population: Intensive Care Patients with Severe ARDS and Invasive Ventilation with FiO2=0.30-0.39",
      "description" : "Intensive Care Patients with Severe ARDS and Invasive Ventilation with FiO2=0.30-0.39",
      "isExample" : false
    },
    {
      "extension" : [{
        "url" : "http://hl7.org/fhir/tools/StructureDefinition/resource-information",
        "valueString" : "EvidenceVariable"
      }],
      "reference" : {
        "reference" : "EvidenceVariable/IntensiveCarePatients-SevereARDS-InvasiveVentilation-FiO2-40to49"
      },
      "name" : "Population: Intensive Care Patients with Severe ARDS and Invasive Ventilation with FiO2=0.40-0.49",
      "description" : "Intensive Care Patients with Severe ARDS and Invasive Ventilation with FiO2=0.40-0.49",
      "isExample" : false
    },
    {
      "extension" : [{
        "url" : "http://hl7.org/fhir/tools/StructureDefinition/resource-information",
        "valueString" : "EvidenceVariable"
      }],
      "reference" : {
        "reference" : "EvidenceVariable/IntensiveCarePatients-SevereARDS-InvasiveVentilation-FiO2-50to59"
      },
      "name" : "Population: Intensive Care Patients with Severe ARDS and Invasive Ventilation with FiO2=0.50-0.59",
      "description" : "Intensive Care Patients with Severe ARDS and Invasive Ventilation with FiO2=0.50-0.59",
      "isExample" : false
    },
    {
      "extension" : [{
        "url" : "http://hl7.org/fhir/tools/StructureDefinition/resource-information",
        "valueString" : "EvidenceVariable"
      }],
      "reference" : {
        "reference" : "EvidenceVariable/IntensiveCarePatients-SevereARDS-InvasiveVentilation-FiO2-60to79"
      },
      "name" : "Population: Intensive Care Patients with Severe ARDS and Invasive Ventilation with FiO2=0.60-0.79",
      "description" : "Intensive Care Patients with Severe ARDS and Invasive Ventilation with FiO2=0.60-0.79",
      "isExample" : false
    },
    {
      "extension" : [{
        "url" : "http://hl7.org/fhir/tools/StructureDefinition/resource-information",
        "valueString" : "EvidenceVariable"
      }],
      "reference" : {
        "reference" : "EvidenceVariable/IntensiveCarePatients-SevereARDS-InvasiveVentilation-FiO2-80to99"
      },
      "name" : "Population: Intensive Care Patients with Severe ARDS and Invasive Ventilation with FiO2=0.80-0.99",
      "description" : "Intensive Care Patients with Severe ARDS and Invasive Ventilation with FiO2=0.80-0.99",
      "isExample" : false
    },
    {
      "extension" : [{
        "url" : "http://hl7.org/fhir/tools/StructureDefinition/resource-information",
        "valueString" : "EvidenceVariable"
      }],
      "reference" : {
        "reference" : "EvidenceVariable/IntensiveCarePatients-SevereARDS-InvasiveVentilation-FiO2-100"
      },
      "name" : "Population: Intensive Care Patients with Severe ARDS and Invasive Ventilation with FiO2=1.00",
      "description" : "Intensive Care Patients with Severe ARDS and Invasive Ventilation with FiO2=1.00",
      "isExample" : false
    },
    {
      "extension" : [{
        "url" : "http://hl7.org/fhir/tools/StructureDefinition/resource-information",
        "valueString" : "EvidenceVariable"
      }],
      "reference" : {
        "reference" : "EvidenceVariable/IntensiveCarePatients-WithOut-NoMobilizationOrder"
      },
      "name" : "Population: Intensive Care Patients without a no-mobilization order",
      "description" : "Intensive Care Patients without a no-mobilization order",
      "isExample" : false
    },
    {
      "extension" : [{
        "url" : "http://hl7.org/fhir/tools/StructureDefinition/resource-information",
        "valueString" : "ActivityDefinition"
      }],
      "reference" : {
        "reference" : "ActivityDefinition/SedationAssessmentEarlyShift"
      },
      "name" : "Sedation Assessment during Early Shift",
      "description" : "Sedation should be assessed once between 6 AM and <2 PM every day.",
      "isExample" : false
    },
    {
      "extension" : [{
        "url" : "http://hl7.org/fhir/tools/StructureDefinition/resource-information",
        "valueString" : "ActivityDefinition"
      }],
      "reference" : {
        "reference" : "ActivityDefinition/SedationAssessmentLateShift"
      },
      "name" : "Sedation Assessment during Late Shift",
      "description" : "Sedation should be assessed once between 2 AM and <10 PM every day.",
      "isExample" : false
    },
    {
      "extension" : [{
        "url" : "http://hl7.org/fhir/tools/StructureDefinition/resource-information",
        "valueString" : "ActivityDefinition"
      }],
      "reference" : {
        "reference" : "ActivityDefinition/SedationAssessmentNightShift"
      },
      "name" : "Sedation Assessment during Night Shift",
      "description" : "Sedation should be assessed once between 10 PM and <6 AM every day.",
      "isExample" : false
    },
    {
      "extension" : [{
        "url" : "http://hl7.org/fhir/tools/StructureDefinition/resource-information",
        "valueString" : "PlanDefinition"
      }],
      "reference" : {
        "reference" : "PlanDefinition/SedationLevelAnalgesiaLevelDeliriumStatusInAcceptableRanges"
      },
      "name" : "Sedation Level, Analgesia Level and Delirium Status in acceptable ranges.",
      "description" : "Sedation Level, Analgesia Level and Delirium Status should be in acceptable ranges.",
      "isExample" : false
    },
    {
      "extension" : [{
        "url" : "http://hl7.org/fhir/tools/StructureDefinition/resource-information",
        "valueString" : "PlanDefinition"
      }],
      "reference" : {
        "reference" : "PlanDefinition/StopOdersInvasiveDevices"
      },
      "name" : "Stop Orders for Invasive Devices",
      "description" : "All Intensive Care Patients with invasive devices should have a daily re-evaluation regarding the necessity of each device.",
      "isExample" : false
    },
    {
      "extension" : [{
        "url" : "http://hl7.org/fhir/tools/StructureDefinition/resource-information",
        "valueString" : "PlanDefinition"
      }],
      "reference" : {
        "reference" : "PlanDefinition/SufficientFeeding"
      },
      "name" : "Sufficient Feeding in Non-Adipose Patients",
      "description" : "Every day, all Non-Adipose Intensive Care Patients should receive the amount of Calories that match their daily individual requirements.",
      "isExample" : false
    },
    {
      "extension" : [{
        "url" : "http://hl7.org/fhir/tools/StructureDefinition/resource-information",
        "valueString" : "ActivityDefinition"
      }],
      "reference" : {
        "reference" : "ActivityDefinition/DailySufficientFeeding"
      },
      "name" : "The daily calorie intake is sufficient",
      "description" : "The daily amount of calories matches the individual requirements.",
      "isExample" : false
    },
    {
      "extension" : [{
        "url" : "http://hl7.org/fhir/tools/StructureDefinition/resource-information",
        "valueString" : "PlanDefinition"
      }],
      "reference" : {
        "reference" : "PlanDefinition/TidalVolumeLimitation"
      },
      "name" : "Tidal Volume Limitation",
      "description" : "Tidal volume should be limited to a maximum of 6 ml/kg ideal body weight in all invasive ventilated ICU patients with severe ARDS.",
      "isExample" : false
    },
    {
      "extension" : [{
        "url" : "http://hl7.org/fhir/tools/StructureDefinition/resource-information",
        "valueString" : "ActivityDefinition"
      }],
      "reference" : {
        "reference" : "ActivityDefinition/WeeklyCommunicationPatientsRelatives"
      },
      "name" : "Weekly Communication with Patients and Relatives",
      "description" : "At least one structured communication with the Patients and/or their Relatives takes place every week.",
      "isExample" : false
    }],
    "page" : {
      "sourceUrl" : "toc.html",
      "name" : "toc.html",
      "title" : "Table of Contents",
      "generation" : "html",
      "page" : [{
        "sourceUrl" : "index.html",
        "name" : "index.html",
        "title" : "CPG-on-EBMonFHIR template",
        "generation" : "markdown"
      },
      {
        "sourceUrl" : "downloads.html",
        "name" : "downloads.html",
        "title" : "Downloads",
        "generation" : "html"
      },
      {
        "sourceUrl" : "changelog.html",
        "name" : "changelog.html",
        "title" : "Change Log",
        "generation" : "markdown"
      }]
    },
    "parameter" : [{
      "code" : {
        "system" : "http://hl7.org/fhir/tools/CodeSystem/ig-parameters",
        "code" : "copyrightyear"
      },
      "value" : "2023+"
    },
    {
      "code" : {
        "system" : "http://hl7.org/fhir/tools/CodeSystem/ig-parameters",
        "code" : "releaselabel"
      },
      "value" : "ci-build"
    },
    {
      "code" : {
        "system" : "http://hl7.org/fhir/tools/CodeSystem/ig-parameters",
        "code" : "active-tables"
      },
      "value" : "true"
    },
    {
      "code" : {
        "system" : "http://hl7.org/fhir/tools/CodeSystem/ig-parameters",
        "code" : "apply-contact"
      },
      "value" : "false"
    },
    {
      "code" : {
        "system" : "http://hl7.org/fhir/tools/CodeSystem/ig-parameters",
        "code" : "apply-jurisdiction"
      },
      "value" : "false"
    },
    {
      "code" : {
        "system" : "http://hl7.org/fhir/tools/CodeSystem/ig-parameters",
        "code" : "apply-publisher"
      },
      "value" : "false"
    },
    {
      "code" : {
        "system" : "http://hl7.org/fhir/tools/CodeSystem/ig-parameters",
        "code" : "apply-version"
      },
      "value" : "false"
    },
    {
      "code" : {
        "system" : "http://hl7.org/fhir/tools/CodeSystem/ig-parameters",
        "code" : "show-inherited-invariants"
      },
      "value" : "false"
    },
    {
      "code" : {
        "system" : "http://hl7.org/fhir/tools/CodeSystem/ig-parameters",
        "code" : "usage-stats-opt-out"
      },
      "value" : "true"
    },
    {
      "code" : {
        "system" : "http://hl7.org/fhir/tools/CodeSystem/ig-parameters",
        "code" : "excludexml"
      },
      "value" : "false"
    },
    {
      "code" : {
        "system" : "http://hl7.org/fhir/tools/CodeSystem/ig-parameters",
        "code" : "excludejsn"
      },
      "value" : "false"
    },
    {
      "code" : {
        "system" : "http://hl7.org/fhir/tools/CodeSystem/ig-parameters",
        "code" : "excludettl"
      },
      "value" : "true"
    },
    {
      "code" : {
        "system" : "http://hl7.org/fhir/tools/CodeSystem/ig-parameters",
        "code" : "excludemap"
      },
      "value" : "true"
    },
    {
      "code" : {
        "system" : "http://hl7.org/fhir/tools/CodeSystem/ig-parameters",
        "code" : "excludeexample"
      },
      "value" : "true"
    },
    {
      "code" : {
        "system" : "http://hl7.org/fhir/tools/CodeSystem/ig-parameters",
        "code" : "extension-domain"
      },
      "value" : "https://www.netzwerk-universitaetsmedizin.de"
    },
    {
      "code" : {
        "system" : "http://hl7.org/fhir/tools/CodeSystem/ig-parameters",
        "code" : "extension-domain"
      },
      "value" : "https://simplifier.net"
    },
    {
      "code" : {
        "system" : "http://hl7.org/fhir/tools/CodeSystem/ig-parameters",
        "code" : "autoload-resources"
      },
      "value" : "true"
    },
    {
      "code" : {
        "system" : "http://hl7.org/fhir/guide-parameter-code",
        "code" : "path-resource"
      },
      "value" : "input/capabilities"
    },
    {
      "code" : {
        "system" : "http://hl7.org/fhir/guide-parameter-code",
        "code" : "path-resource"
      },
      "value" : "input/examples"
    },
    {
      "code" : {
        "system" : "http://hl7.org/fhir/guide-parameter-code",
        "code" : "path-resource"
      },
      "value" : "input/extensions"
    },
    {
      "code" : {
        "system" : "http://hl7.org/fhir/guide-parameter-code",
        "code" : "path-resource"
      },
      "value" : "input/models"
    },
    {
      "code" : {
        "system" : "http://hl7.org/fhir/guide-parameter-code",
        "code" : "path-resource"
      },
      "value" : "input/operations"
    },
    {
      "code" : {
        "system" : "http://hl7.org/fhir/guide-parameter-code",
        "code" : "path-resource"
      },
      "value" : "input/profiles"
    },
    {
      "code" : {
        "system" : "http://hl7.org/fhir/guide-parameter-code",
        "code" : "path-resource"
      },
      "value" : "input/resources"
    },
    {
      "code" : {
        "system" : "http://hl7.org/fhir/guide-parameter-code",
        "code" : "path-resource"
      },
      "value" : "input/vocabulary"
    },
    {
      "code" : {
        "system" : "http://hl7.org/fhir/guide-parameter-code",
        "code" : "path-resource"
      },
      "value" : "input/maps"
    },
    {
      "code" : {
        "system" : "http://hl7.org/fhir/guide-parameter-code",
        "code" : "path-resource"
      },
      "value" : "input/testing"
    },
    {
      "code" : {
        "system" : "http://hl7.org/fhir/guide-parameter-code",
        "code" : "path-resource"
      },
      "value" : "input/history"
    },
    {
      "code" : {
        "system" : "http://hl7.org/fhir/guide-parameter-code",
        "code" : "path-resource"
      },
      "value" : "fsh-generated/resources"
    },
    {
      "code" : {
        "system" : "http://hl7.org/fhir/guide-parameter-code",
        "code" : "path-pages"
      },
      "value" : "template/config"
    },
    {
      "code" : {
        "system" : "http://hl7.org/fhir/guide-parameter-code",
        "code" : "path-pages"
      },
      "value" : "input/images"
    },
    {
      "code" : {
        "system" : "http://hl7.org/fhir/tools/CodeSystem/ig-parameters",
        "code" : "path-liquid"
      },
      "value" : "template/liquid"
    },
    {
      "code" : {
        "system" : "http://hl7.org/fhir/tools/CodeSystem/ig-parameters",
        "code" : "path-liquid"
      },
      "value" : "input/liquid"
    },
    {
      "code" : {
        "system" : "http://hl7.org/fhir/tools/CodeSystem/ig-parameters",
        "code" : "path-qa"
      },
      "value" : "temp/qa"
    },
    {
      "code" : {
        "system" : "http://hl7.org/fhir/tools/CodeSystem/ig-parameters",
        "code" : "path-temp"
      },
      "value" : "temp/pages"
    },
    {
      "code" : {
        "system" : "http://hl7.org/fhir/tools/CodeSystem/ig-parameters",
        "code" : "path-output"
      },
      "value" : "output"
    },
    {
      "code" : {
        "system" : "http://hl7.org/fhir/guide-parameter-code",
        "code" : "path-tx-cache"
      },
      "value" : "input-cache/txcache"
    },
    {
      "code" : {
        "system" : "http://hl7.org/fhir/tools/CodeSystem/ig-parameters",
        "code" : "path-suppressed-warnings"
      },
      "value" : "input/ignoreWarnings.txt"
    },
    {
      "code" : {
        "system" : "http://hl7.org/fhir/tools/CodeSystem/ig-parameters",
        "code" : "path-history"
      },
      "value" : "https://www.netzwerk-universitaetsmedizin.de/fhir/cpg-on-ebmonfhir/example/history.html"
    },
    {
      "code" : {
        "system" : "http://hl7.org/fhir/tools/CodeSystem/ig-parameters",
        "code" : "template-html"
      },
      "value" : "template-page.html"
    },
    {
      "code" : {
        "system" : "http://hl7.org/fhir/tools/CodeSystem/ig-parameters",
        "code" : "template-md"
      },
      "value" : "template-page-md.html"
    },
    {
      "code" : {
        "system" : "http://hl7.org/fhir/tools/CodeSystem/ig-parameters",
        "code" : "apply-context"
      },
      "value" : "true"
    },
    {
      "code" : {
        "system" : "http://hl7.org/fhir/tools/CodeSystem/ig-parameters",
        "code" : "apply-copyright"
      },
      "value" : "true"
    },
    {
      "code" : {
        "system" : "http://hl7.org/fhir/tools/CodeSystem/ig-parameters",
        "code" : "apply-license"
      },
      "value" : "true"
    },
    {
      "code" : {
        "system" : "http://hl7.org/fhir/tools/CodeSystem/ig-parameters",
        "code" : "apply-wg"
      },
      "value" : "true"
    },
    {
      "code" : {
        "system" : "http://hl7.org/fhir/tools/CodeSystem/ig-parameters",
        "code" : "fmm-definition"
      },
      "value" : "http://hl7.org/fhir/versions.html#maturity"
    },
    {
      "code" : {
        "system" : "http://hl7.org/fhir/tools/CodeSystem/ig-parameters",
        "code" : "propagate-status"
      },
      "value" : "true"
    },
    {
      "code" : {
        "system" : "http://hl7.org/fhir/tools/CodeSystem/ig-parameters",
        "code" : "excludelogbinaryformat"
      },
      "value" : "true"
    },
    {
      "code" : {
        "system" : "http://hl7.org/fhir/tools/CodeSystem/ig-parameters",
        "code" : "tabbed-snapshots"
      },
      "value" : "true"
    }]
  }
}