{
  "resourceType" : "PlanDefinition",
  "id" : "PlateauPressureLimitation",
  "meta" : {
    "profile" : ["https://www.netzwerk-universitaetsmedizin.de/fhir/cpg-on-ebm-on-fhir/StructureDefinition/recommendation-plan"]
  },
  "text" : {
    "status" : "generated",
    "div" : "<div xmlns=\"http://www.w3.org/1999/xhtml\"><p class=\"res-header-id\"><b>Generated Narrative: PlanDefinition PlateauPressureLimitation</b></p><a name=\"PlateauPressureLimitation\"> </a><a name=\"hcPlateauPressureLimitation\"> </a><a name=\"PlateauPressureLimitation-en-US\"> </a><p><b>url</b>: <a href=\"PlanDefinition-PlateauPressureLimitation.html\">PlanDefinition Plateau Pressure Limitation</a></p><p><b>version</b>: 1.0</p><p><b>name</b>: Intervention_PlateauPressure_Limitation</p><p><b>title</b>: Plateau Pressure Limitation</p><p><b>type</b>: <span title=\"Codes:{http://terminology.hl7.org/CodeSystem/plan-definition-type eca-rule}\">ECA Rule</span></p><p><b>status</b>: Active</p><p><b>subject</b>: <a href=\"EvidenceVariable-IntensiveCarePatients-SevereARDS-InvasiveVentilation.html\">Population: Intensive Care Patients with Severe ARDS and Invasive Ventilation</a></p><p><b>date</b>: 2024-03-29</p><p><b>description</b>: </p><div><p>Plateau Pressure should be limited to a maximum of 30 cmH2O in all invasive ventilated ICU patients with severe ARDS.</p>\n</div><blockquote><p><b>goal</b></p><blockquote><p><b>id</b></p>plateau-pressure-goal</blockquote><p><b>category</b>: <span title=\"Codes:{http://snomed.info/sct 385857005}\">Ventilator care and adjustment (regime/therapy)</span></p><p><b>description</b>: <span title=\"Codes:\">Plateau pressure should be limited to a maximum of 30 cmH2O.</span></p><h3>Targets</h3><table class=\"grid\"><tr><td style=\"display: none\">-</td><td><b>Measure</b></td><td><b>Detail[x]</b></td></tr><tr><td style=\"display: none\">*</td><td><span title=\"Codes:{http://loinc.org 76259-1}\">Pressure.plateau Respiratory system airway --on ventilator</span></td><td>?-30</td></tr></table></blockquote><h3>Actions</h3><table class=\"grid\"><tr><td style=\"display: none\">-</td><td><b>Code</b></td><td><b>GoalId</b></td></tr><tr><td style=\"display: none\">*</td><td><span title=\"Codes:{http://snomed.info/sct 410210009}\">Ventilator care management (procedure)</span></td><td>plateau-pressure-goal</td></tr></table></div>"
  },
  "extension" : [{
    "url" : "http://hl7.org/fhir/uv/cpg/StructureDefinition/cpg-knowledgeCapability",
    "valueCode" : "computable"
  },
  {
    "url" : "http://hl7.org/fhir/uv/cpg/StructureDefinition/cpg-knowledgeRepresentationLevel",
    "valueCode" : "structured"
  },
  {
    "url" : "http://hl7.org/fhir/uv/cpg/StructureDefinition/cpg-partOf",
    "valueCanonical" : "https://www.netzwerk-universitaetsmedizin.de/fhir/codex-celida/guideline/DIVI-DigiQIs/recommendation/DIVI-QualityIndicator-3"
  },
  {
    "extension" : [{
      "url" : "method",
      "valueCodeableConcept" : {
        "coding" : [{
          "system" : "https://www.netzwerk-universitaetsmedizin.de/fhir/cpg-on-ebm-on-fhir/CodeSystem/cs-action-combination-method",
          "code" : "all"
        }]
      }
    }],
    "url" : "https://www.netzwerk-universitaetsmedizin.de/fhir/cpg-on-ebm-on-fhir/StructureDefinition/ext-action-combination-method"
  }],
  "url" : "https://www.netzwerk-universitaetsmedizin.de/fhir/codex-celida/guideline/DIVI-DigiQIs/intervention/plateau-pressure_limitation",
  "version" : "1.0",
  "name" : "Intervention_PlateauPressure_Limitation",
  "title" : "Plateau Pressure Limitation",
  "type" : {
    "coding" : [{
      "system" : "http://terminology.hl7.org/CodeSystem/plan-definition-type",
      "code" : "eca-rule"
    }]
  },
  "status" : "active",
  "subjectCanonical" : "https://www.netzwerk-universitaetsmedizin.de/fhir/codex-celida/guideline/DIVI-DigiQIs/population/intensive-care-patients_severe-ards_invasive-ventilation",
  "date" : "2024-03-29",
  "description" : "Plateau Pressure should be limited to a maximum of 30 cmH2O in all invasive ventilated ICU patients with severe ARDS.",
  "goal" : [{
    "id" : "plateau-pressure-goal",
    "category" : {
      "coding" : [{
        "system" : "http://snomed.info/sct",
        "code" : "385857005",
        "display" : "Ventilator care and adjustment (regime/therapy)"
      }]
    },
    "description" : {
      "text" : "Plateau pressure should be limited to a maximum of 30 cmH2O."
    },
    "target" : [{
      "measure" : {
        "coding" : [{
          "system" : "http://loinc.org",
          "code" : "76259-1",
          "display" : "Pressure.plateau Respiratory system airway --on ventilator"
        }]
      },
      "detailRange" : {
        "high" : {
          "value" : 30,
          "unit" : "cm[H2O]",
          "system" : "http://unitsofmeasure.org",
          "code" : "cm[H2O]"
        }
      }
    }]
  }],
  "action" : [{
    "code" : {
      "coding" : [{
        "system" : "http://snomed.info/sct",
        "code" : "410210009",
        "display" : "Ventilator care management (procedure)"
      }]
    },
    "goalId" : ["plateau-pressure-goal"]
  }]
}