{
  "resourceType" : "PlanDefinition",
  "id" : "DIVIQualityIndicator9",
  "meta" : {
    "profile" : ["https://www.netzwerk-universitaetsmedizin.de/fhir/cpg-on-ebm-on-fhir/StructureDefinition/recommendation"]
  },
  "text" : {
    "status" : "generated",
    "div" : "<div xmlns=\"http://www.w3.org/1999/xhtml\"><p class=\"res-header-id\"><b>Generated Narrative: PlanDefinition DIVIQualityIndicator9</b></p><a name=\"DIVIQualityIndicator9\"> </a><a name=\"hcDIVIQualityIndicator9\"> </a><a name=\"DIVIQualityIndicator9-en-US\"> </a><p><b>url</b>: <a href=\"PlanDefinition-DIVIQualityIndicator9.html\">PlanDefinition DIVI Quality Indicator 9</a></p><p><b>version</b>: 1.0</p><p><b>name</b>: DiVI_QualityIndicator_9</p><p><b>title</b>: DIVI Quality Indicator 9</p><p><b>type</b>: <span title=\"Codes:{http://terminology.hl7.org/CodeSystem/plan-definition-type workflow-definition}\">Workflow Definition</span></p><p><b>status</b>: Active</p><p><b>experimental</b>: true</p><p><b>date</b>: 2024-03-29</p><p><b>publisher</b>: Deutsche Interdisziplinäre Vereinigung für Intensiv- und Notfallmedizin (DIVI)</p><p><b>description</b>: </p><div><p>DIVI Quality Indicator 9: Early Mobilization</p>\n</div><blockquote><p><b>action</b></p><p><b>title</b>: DIVI Quality Indicator 9a: Inital Mobilization</p><p><b>description</b>: </p><div><p>All Intensive Care Patients should be mobilized within 24 hours after admission to ICU.</p>\n</div><p><b>code</b>: <span title=\"Codes:{http://hl7.org/fhir/uv/cpg/CodeSystem/cpg-common-process guideline-based-care}\">Guideline-based Care</span></p><p><b>definition</b>: <a href=\"PlanDefinition-InitialMobilization.html\">Inital Mobilization</a></p></blockquote><blockquote><p><b>action</b></p><p><b>title</b>: DIVI Quality Indicator 9b: Periodic Mobilization</p><p><b>description</b>: </p><div><p>All Intensive Care Patients that don't have a no-mobilization order should be mobilized at least once every day.</p>\n</div><p><b>code</b>: <span title=\"Codes:{http://hl7.org/fhir/uv/cpg/CodeSystem/cpg-common-process guideline-based-care}\">Guideline-based Care</span></p><p><b>definition</b>: <a href=\"PlanDefinition-PeriodicMobilization.html\">Periodic Mobilization</a></p></blockquote></div>"
  },
  "extension" : [{
    "url" : "http://hl7.org/fhir/uv/cpg/StructureDefinition/cpg-knowledgeCapability",
    "valueCode" : "computable"
  },
  {
    "url" : "http://hl7.org/fhir/uv/cpg/StructureDefinition/cpg-knowledgeRepresentationLevel",
    "valueCode" : "structured"
  },
  {
    "extension" : [{
      "url" : "method",
      "valueCodeableConcept" : {
        "coding" : [{
          "system" : "https://www.netzwerk-universitaetsmedizin.de/fhir/cpg-on-ebm-on-fhir/CodeSystem/cs-action-combination-method",
          "code" : "all"
        }]
      }
    }],
    "url" : "https://www.netzwerk-universitaetsmedizin.de/fhir/cpg-on-ebm-on-fhir/StructureDefinition/ext-action-combination-method"
  }],
  "url" : "https://www.netzwerk-universitaetsmedizin.de/fhir/codex-celida/guideline/DIVI-DigiQIs/recommendation/DIVI-QualityIndicator-9",
  "version" : "1.0",
  "name" : "DiVI_QualityIndicator_9",
  "title" : "DIVI Quality Indicator 9",
  "type" : {
    "coding" : [{
      "system" : "http://terminology.hl7.org/CodeSystem/plan-definition-type",
      "code" : "workflow-definition"
    }]
  },
  "status" : "active",
  "experimental" : true,
  "date" : "2024-03-29",
  "publisher" : "Deutsche Interdisziplinäre Vereinigung für Intensiv- und Notfallmedizin (DIVI)",
  "description" : "DIVI Quality Indicator 9: Early Mobilization",
  "action" : [{
    "title" : "DIVI Quality Indicator 9a: Inital Mobilization",
    "description" : "All Intensive Care Patients should be mobilized within 24 hours after admission to ICU.",
    "code" : {
      "coding" : [{
        "system" : "http://hl7.org/fhir/uv/cpg/CodeSystem/cpg-common-process",
        "code" : "guideline-based-care"
      }]
    },
    "definitionCanonical" : "https://www.netzwerk-universitaetsmedizin.de/fhir/codex-celida/guideline/DIVI-DigiQIs/intervention/initial-mobilization"
  },
  {
    "title" : "DIVI Quality Indicator 9b: Periodic Mobilization",
    "description" : "All Intensive Care Patients that don't have a no-mobilization order should be mobilized at least once every day.",
    "code" : {
      "coding" : [{
        "system" : "http://hl7.org/fhir/uv/cpg/CodeSystem/cpg-common-process",
        "code" : "guideline-based-care"
      }]
    },
    "definitionCanonical" : "https://www.netzwerk-universitaetsmedizin.de/fhir/codex-celida/guideline/DIVI-DigiQIs/intervention/periodic-mobilization"
  }]
}