{
  "resourceType" : "PlanDefinition",
  "id" : "DailyMultiprofessionalWardRounds",
  "meta" : {
    "profile" : ["https://www.netzwerk-universitaetsmedizin.de/fhir/cpg-on-ebm-on-fhir/StructureDefinition/recommendation-plan"]
  },
  "text" : {
    "status" : "generated",
    "div" : "<div xmlns=\"http://www.w3.org/1999/xhtml\"><p class=\"res-header-id\"><b>Generated Narrative: PlanDefinition DailyMultiprofessionalWardRounds</b></p><a name=\"DailyMultiprofessionalWardRounds\"> </a><a name=\"hcDailyMultiprofessionalWardRounds\"> </a><a name=\"DailyMultiprofessionalWardRounds-en-US\"> </a><p><b>url</b>: <a href=\"PlanDefinition-DailyMultiprofessionalWardRounds.html\">PlanDefinition Daily multiprofessional ward rounds</a></p><p><b>version</b>: 1.0</p><p><b>name</b>: Intervention_DailyWardRounds</p><p><b>title</b>: Daily multiprofessional ward rounds</p><p><b>type</b>: <span title=\"Codes:{http://terminology.hl7.org/CodeSystem/plan-definition-type eca-rule}\">ECA Rule</span></p><p><b>status</b>: Active</p><p><b>subject</b>: <a href=\"EvidenceVariable-IntensiveCarePatients.html\">Population: Intensive Care Patients</a></p><p><b>date</b>: 2024-03-29</p><p><b>description</b>: </p><div><p>Every Intensive Care Patient should be visited daily in multiprofessional ward rounds led by an intensive care specialist.</p>\n</div><h3>Actions</h3><table class=\"grid\"><tr><td style=\"display: none\">-</td><td><b>Code</b></td><td><b>Definition[x]</b></td></tr><tr><td style=\"display: none\">*</td><td><span title=\"Codes:{http://snomed.info/sct 74964007}\">Other (qualifier value)</span></td><td><a href=\"ActivityDefinition-DailyMultiprofessionalWardRoundsAction.html\">Daily multiprofessional ward rounds</a></td></tr></table></div>"
  },
  "extension" : [{
    "url" : "http://hl7.org/fhir/uv/cpg/StructureDefinition/cpg-knowledgeCapability",
    "valueCode" : "computable"
  },
  {
    "url" : "http://hl7.org/fhir/uv/cpg/StructureDefinition/cpg-knowledgeRepresentationLevel",
    "valueCode" : "structured"
  },
  {
    "url" : "http://hl7.org/fhir/uv/cpg/StructureDefinition/cpg-partOf",
    "valueCanonical" : "https://www.netzwerk-universitaetsmedizin.de/fhir/codex-celida/guideline/DIVI-DigiQIs/recommendation/DIVI-QualityIndicator-1"
  },
  {
    "extension" : [{
      "url" : "method",
      "valueCodeableConcept" : {
        "coding" : [{
          "system" : "https://www.netzwerk-universitaetsmedizin.de/fhir/cpg-on-ebm-on-fhir/CodeSystem/cs-action-combination-method",
          "code" : "all"
        }]
      }
    }],
    "url" : "https://www.netzwerk-universitaetsmedizin.de/fhir/cpg-on-ebm-on-fhir/StructureDefinition/ext-action-combination-method"
  }],
  "url" : "https://www.netzwerk-universitaetsmedizin.de/fhir/codex-celida/guideline/DIVI-DigiQIs/intervention/daily-ward-rounds",
  "version" : "1.0",
  "name" : "Intervention_DailyWardRounds",
  "title" : "Daily multiprofessional ward rounds",
  "type" : {
    "coding" : [{
      "system" : "http://terminology.hl7.org/CodeSystem/plan-definition-type",
      "code" : "eca-rule"
    }]
  },
  "status" : "active",
  "subjectCanonical" : "https://www.netzwerk-universitaetsmedizin.de/fhir/codex-celida/guideline/DIVI-DigiQIs/population/intensive-care-patients",
  "date" : "2024-03-29",
  "description" : "Every Intensive Care Patient should be visited daily in multiprofessional ward rounds led by an intensive care specialist.",
  "action" : [{
    "code" : {
      "coding" : [{
        "system" : "http://snomed.info/sct",
        "code" : "74964007",
        "display" : "Other (qualifier value)"
      }]
    },
    "definitionCanonical" : "https://www.netzwerk-universitaetsmedizin.de/fhir/codex-celida/guideline/DIVI-DigiQIs/recommended-action/daily-ward-rounds"
  }]
}