{
  "resourceType" : "PlanDefinition",
  "id" : "SedationLevelAnalgesiaLevelDeliriumStatusInAcceptableRanges",
  "meta" : {
    "profile" : ["https://www.netzwerk-universitaetsmedizin.de/fhir/cpg-on-ebm-on-fhir/StructureDefinition/recommendation-plan"]
  },
  "text" : {
    "status" : "generated",
    "div" : "<div xmlns=\"http://www.w3.org/1999/xhtml\"><p class=\"res-header-id\"><b>Generated Narrative: PlanDefinition SedationLevelAnalgesiaLevelDeliriumStatusInAcceptableRanges</b></p><a name=\"SedationLevelAnalgesiaLevelDeliriumStatusInAcceptableRanges\"> </a><a name=\"hcSedationLevelAnalgesiaLevelDeliriumStatusInAcceptableRanges\"> </a><a name=\"SedationLevelAnalgesiaLevelDeliriumStatusInAcceptableRanges-en-US\"> </a><p><b>url</b>: <a href=\"PlanDefinition-SedationLevelAnalgesiaLevelDeliriumStatusInAcceptableRanges.html\">PlanDefinition Sedation Level, Analgesia Level and Delirium Status in acceptable ranges.</a></p><p><b>version</b>: 1.0</p><p><b>name</b>: Intervention_SedationLevel_AnalgesiaLevel_DeliriumStatus_InAcceptableranges</p><p><b>title</b>: Sedation Level, Analgesia Level and Delirium Status in acceptable ranges.</p><p><b>type</b>: <span title=\"Codes:{http://terminology.hl7.org/CodeSystem/plan-definition-type eca-rule}\">ECA Rule</span></p><p><b>status</b>: Active</p><p><b>subject</b>: <a href=\"EvidenceVariable-IntensiveCarePatients.html\">Population: Intensive Care Patients</a></p><p><b>date</b>: 2024-03-29</p><p><b>description</b>: </p><div><p>Sedation Level, Analgesia Level and Delirium Status should be in acceptable ranges.</p>\n</div><blockquote><p><b>goal</b></p><blockquote><p><b>id</b></p>sedation-rass-inrange-goal</blockquote><p><b>category</b>: <span title=\"Codes:{http://snomed.info/sct 273249006}\">Assessment scales (assessment scale)</span></p><p><b>description</b>: <span title=\"Codes:\">Sedation Level should be within RASS scores of -1 to +1</span></p><h3>Targets</h3><table class=\"grid\"><tr><td style=\"display: none\">-</td><td><b>Measure</b></td><td><b>Detail[x]</b></td></tr><tr><td style=\"display: none\">*</td><td><span title=\"Codes:{http://snomed.info/sct 457441000124102}\">Richmond agitation-sedation scale</span></td><td>-1-1</td></tr></table></blockquote><blockquote><p><b>goal</b></p><blockquote><p><b>id</b></p>analgesia-nrs-inrange-goal</blockquote><p><b>category</b>: <span title=\"Codes:{http://snomed.info/sct 273249006}\">Assessment scales (assessment scale)</span></p><p><b>description</b>: <span title=\"Codes:\">Analgesia Level should be within NRS scores of 0 to 3</span></p><h3>Targets</h3><table class=\"grid\"><tr><td style=\"display: none\">-</td><td><b>Measure</b></td><td><b>Detail[x]</b></td></tr><tr><td style=\"display: none\">*</td><td><span title=\"Codes:{http://snomed.info/sct 1284852002}\">Numeric Pain Rating Scale</span></td><td>0-3</td></tr></table></blockquote><blockquote><p><b>goal</b></p><blockquote><p><b>id</b></p>analgesia-vas-inrange-goal</blockquote><p><b>category</b>: <span title=\"Codes:{http://snomed.info/sct 273249006}\">Assessment scales (assessment scale)</span></p><p><b>description</b>: <span title=\"Codes:\">Analgesia Level should be within VAS scores of 0 to 3</span></p><h3>Targets</h3><table class=\"grid\"><tr><td style=\"display: none\">-</td><td><b>Measure</b></td><td><b>Detail[x]</b></td></tr><tr><td style=\"display: none\">*</td><td><span title=\"Codes:{http://snomed.info/sct 273904000}\">Visual analog pain scale</span></td><td>0-3</td></tr></table></blockquote><blockquote><p><b>goal</b></p><blockquote><p><b>id</b></p>analgesia-bps-inrange-goal</blockquote><p><b>category</b>: <span title=\"Codes:{http://snomed.info/sct 273249006}\">Assessment scales (assessment scale)</span></p><p><b>description</b>: <span title=\"Codes:\">Analgesia Level should be within BPS scores of 0 to 3</span></p><h3>Targets</h3><table class=\"grid\"><tr><td style=\"display: none\">-</td><td><b>Measure</b></td><td><b>Detail[x]</b></td></tr><tr><td style=\"display: none\">*</td><td><span title=\"Codes:{http://divi.de/forschung/sektionsgruppen/qualitaetsverbesserung-und-informationstechnologie/informationstechnologie-und-medizintechnik BPS}\">Behavioral Pain Scale</span></td><td>0-3</td></tr></table></blockquote><blockquote><p><b>goal</b></p><blockquote><p><b>id</b></p>delirium-camicu-inrange-goal</blockquote><p><b>category</b>: <span title=\"Codes:{http://snomed.info/sct 273249006}\">Assessment scales (assessment scale)</span></p><p><b>description</b>: <span title=\"Codes:\">Delirium Status should be within CAM-ICU scores of 0 (No Delirium)</span></p><h3>Targets</h3><table class=\"grid\"><tr><td style=\"display: none\">-</td><td><b>Measure</b></td><td><b>Detail[x]</b></td></tr><tr><td style=\"display: none\">*</td><td><span title=\"Codes:{http://divi.de/forschung/sektionsgruppen/qualitaetsverbesserung-und-informationstechnologie/informationstechnologie-und-medizintechnik CAM-ICU}\">CAM-ICU</span></td><td>0-0</td></tr></table></blockquote><blockquote><p><b>goal</b></p><blockquote><p><b>id</b></p>delirium-icdsc-inrange-goal</blockquote><p><b>category</b>: <span title=\"Codes:{http://snomed.info/sct 273249006}\">Assessment scales (assessment scale)</span></p><p><b>description</b>: <span title=\"Codes:\">Delirium Status should be within ICDSC scores of 0 (No Delirium)</span></p><h3>Targets</h3><table class=\"grid\"><tr><td style=\"display: none\">-</td><td><b>Measure</b></td><td><b>Detail[x]</b></td></tr><tr><td style=\"display: none\">*</td><td><span title=\"Codes:{http://divi.de/forschung/sektionsgruppen/qualitaetsverbesserung-und-informationstechnologie/informationstechnologie-und-medizintechnik ICDSC}\">ICDSC</span></td><td>0-0</td></tr></table></blockquote><blockquote><p><b>action</b></p><p><b>code</b>: <span title=\"Codes:{http://snomed.info/sct 386053000}\">Evaluation procedure (procedure)</span></p><p><b>goalId</b>: sedation-rass-inrange-goal, analgesia-nrs-inrange-goal, analgesia-vas-inrange-goal, analgesia-bps-inrange-goal, delirium-camicu-inrange-goal, delirium-icdsc-inrange-goal</p></blockquote></div>"
  },
  "extension" : [{
    "url" : "http://hl7.org/fhir/uv/cpg/StructureDefinition/cpg-knowledgeCapability",
    "valueCode" : "computable"
  },
  {
    "url" : "http://hl7.org/fhir/uv/cpg/StructureDefinition/cpg-knowledgeRepresentationLevel",
    "valueCode" : "structured"
  },
  {
    "url" : "http://hl7.org/fhir/uv/cpg/StructureDefinition/cpg-partOf",
    "valueCanonical" : "https://www.netzwerk-universitaetsmedizin.de/fhir/codex-celida/guideline/DIVI-DigiQIs/recommendation/DIVI-QualityIndicator-2"
  },
  {
    "extension" : [{
      "url" : "method",
      "valueCodeableConcept" : {
        "coding" : [{
          "system" : "https://www.netzwerk-universitaetsmedizin.de/fhir/cpg-on-ebm-on-fhir/CodeSystem/cs-action-combination-method",
          "code" : "all"
        }]
      }
    }],
    "url" : "https://www.netzwerk-universitaetsmedizin.de/fhir/cpg-on-ebm-on-fhir/StructureDefinition/ext-action-combination-method"
  }],
  "url" : "https://www.netzwerk-universitaetsmedizin.de/fhir/codex-celida/guideline/DIVI-DigiQIs/intervention/Sedation-Level_Analgesia-Level_Delirium-Status_In-Acceptable-Ranges",
  "version" : "1.0",
  "name" : "Intervention_SedationLevel_AnalgesiaLevel_DeliriumStatus_InAcceptableranges",
  "title" : "Sedation Level, Analgesia Level and Delirium Status in acceptable ranges.",
  "type" : {
    "coding" : [{
      "system" : "http://terminology.hl7.org/CodeSystem/plan-definition-type",
      "code" : "eca-rule"
    }]
  },
  "status" : "active",
  "subjectCanonical" : "https://www.netzwerk-universitaetsmedizin.de/fhir/codex-celida/guideline/DIVI-DigiQIs/population/intensive-care-patients",
  "date" : "2024-03-29",
  "description" : "Sedation Level, Analgesia Level and Delirium Status should be in acceptable ranges.",
  "goal" : [{
    "id" : "sedation-rass-inrange-goal",
    "category" : {
      "coding" : [{
        "system" : "http://snomed.info/sct",
        "code" : "273249006",
        "display" : "Assessment scales (assessment scale)"
      }]
    },
    "description" : {
      "text" : "Sedation Level should be within RASS scores of -1 to +1"
    },
    "target" : [{
      "measure" : {
        "coding" : [{
          "system" : "http://snomed.info/sct",
          "version" : "http://snomed.info/sct/731000124108/version/20230901",
          "code" : "457441000124102",
          "display" : "Richmond agitation-sedation scale"
        }]
      },
      "detailRange" : {
        "low" : {
          "value" : -1,
          "system" : "http://unitsofmeasure.org"
        },
        "high" : {
          "value" : 1,
          "system" : "http://unitsofmeasure.org"
        }
      }
    }]
  },
  {
    "id" : "analgesia-nrs-inrange-goal",
    "category" : {
      "coding" : [{
        "system" : "http://snomed.info/sct",
        "code" : "273249006",
        "display" : "Assessment scales (assessment scale)"
      }]
    },
    "description" : {
      "text" : "Analgesia Level should be within NRS scores of 0 to 3"
    },
    "target" : [{
      "measure" : {
        "coding" : [{
          "system" : "http://snomed.info/sct",
          "version" : "http://snomed.info/sct/900000000000207008/version/20240201",
          "code" : "1284852002",
          "display" : "Numeric Pain Rating Scale"
        }]
      },
      "detailRange" : {
        "low" : {
          "value" : 0,
          "system" : "http://unitsofmeasure.org"
        },
        "high" : {
          "value" : 3,
          "system" : "http://unitsofmeasure.org"
        }
      }
    }]
  },
  {
    "id" : "analgesia-vas-inrange-goal",
    "category" : {
      "coding" : [{
        "system" : "http://snomed.info/sct",
        "code" : "273249006",
        "display" : "Assessment scales (assessment scale)"
      }]
    },
    "description" : {
      "text" : "Analgesia Level should be within VAS scores of 0 to 3"
    },
    "target" : [{
      "measure" : {
        "coding" : [{
          "system" : "http://snomed.info/sct",
          "code" : "273904000",
          "display" : "Visual analog pain scale"
        }]
      },
      "detailRange" : {
        "low" : {
          "value" : 0,
          "system" : "http://unitsofmeasure.org"
        },
        "high" : {
          "value" : 3,
          "system" : "http://unitsofmeasure.org"
        }
      }
    }]
  },
  {
    "id" : "analgesia-bps-inrange-goal",
    "category" : {
      "coding" : [{
        "system" : "http://snomed.info/sct",
        "code" : "273249006",
        "display" : "Assessment scales (assessment scale)"
      }]
    },
    "description" : {
      "text" : "Analgesia Level should be within BPS scores of 0 to 3"
    },
    "target" : [{
      "measure" : {
        "coding" : [{
          "system" : "http://divi.de/forschung/sektionsgruppen/qualitaetsverbesserung-und-informationstechnologie/informationstechnologie-und-medizintechnik",
          "code" : "BPS",
          "display" : "Behavioral Pain Scale"
        }]
      },
      "detailRange" : {
        "low" : {
          "value" : 0,
          "system" : "http://unitsofmeasure.org"
        },
        "high" : {
          "value" : 3,
          "system" : "http://unitsofmeasure.org"
        }
      }
    }]
  },
  {
    "id" : "delirium-camicu-inrange-goal",
    "category" : {
      "coding" : [{
        "system" : "http://snomed.info/sct",
        "code" : "273249006",
        "display" : "Assessment scales (assessment scale)"
      }]
    },
    "description" : {
      "text" : "Delirium Status should be within CAM-ICU scores of 0 (No Delirium)"
    },
    "target" : [{
      "measure" : {
        "coding" : [{
          "system" : "http://divi.de/forschung/sektionsgruppen/qualitaetsverbesserung-und-informationstechnologie/informationstechnologie-und-medizintechnik",
          "code" : "CAM-ICU",
          "display" : "CAM-ICU"
        }]
      },
      "detailRange" : {
        "low" : {
          "value" : 0,
          "system" : "http://unitsofmeasure.org"
        },
        "high" : {
          "value" : 0,
          "system" : "http://unitsofmeasure.org"
        }
      }
    }]
  },
  {
    "id" : "delirium-icdsc-inrange-goal",
    "category" : {
      "coding" : [{
        "system" : "http://snomed.info/sct",
        "code" : "273249006",
        "display" : "Assessment scales (assessment scale)"
      }]
    },
    "description" : {
      "text" : "Delirium Status should be within ICDSC scores of 0 (No Delirium)"
    },
    "target" : [{
      "measure" : {
        "coding" : [{
          "system" : "http://divi.de/forschung/sektionsgruppen/qualitaetsverbesserung-und-informationstechnologie/informationstechnologie-und-medizintechnik",
          "code" : "ICDSC",
          "display" : "ICDSC"
        }]
      },
      "detailRange" : {
        "low" : {
          "value" : 0,
          "system" : "http://unitsofmeasure.org"
        },
        "high" : {
          "value" : 0,
          "system" : "http://unitsofmeasure.org"
        }
      }
    }]
  }],
  "action" : [{
    "code" : {
      "coding" : [{
        "system" : "http://snomed.info/sct",
        "code" : "386053000",
        "display" : "Evaluation procedure (procedure)"
      }]
    },
    "goalId" : ["sedation-rass-inrange-goal",
    "analgesia-nrs-inrange-goal",
    "analgesia-vas-inrange-goal",
    "analgesia-bps-inrange-goal",
    "delirium-camicu-inrange-goal",
    "delirium-icdsc-inrange-goal"]
  }]
}