{
  "resourceType" : "PlanDefinition",
  "id" : "PenumoniaVentilatedPatientRatio",
  "meta" : {
    "profile" : ["https://www.netzwerk-universitaetsmedizin.de/fhir/cpg-on-ebm-on-fhir/StructureDefinition/recommendation-plan"]
  },
  "text" : {
    "status" : "generated",
    "div" : "<div xmlns=\"http://www.w3.org/1999/xhtml\"><p class=\"res-header-id\"><b>Generated Narrative: PlanDefinition PenumoniaVentilatedPatientRatio</b></p><a name=\"PenumoniaVentilatedPatientRatio\"> </a><a name=\"hcPenumoniaVentilatedPatientRatio\"> </a><a name=\"PenumoniaVentilatedPatientRatio-en-US\"> </a><p><b>url</b>: <a href=\"PlanDefinition-PenumoniaVentilatedPatientRatio.html\">PlanDefinition Pneumonia-per-Ventilated-Patients Ratio</a></p><p><b>version</b>: 1.0</p><p><b>name</b>: Intervention_Pneumonia_VentilatedPatients_Ratio</p><p><b>title</b>: Pneumonia-per-Ventilated-Patients Ratio</p><p><b>type</b>: <span title=\"Codes:{http://terminology.hl7.org/CodeSystem/plan-definition-type eca-rule}\">ECA Rule</span></p><p><b>status</b>: Active</p><p><b>subject</b>: <a href=\"EvidenceVariable-IntensiveCarePatients-InvasiveVentilation.html\">Population: Intensive Care Patients with Invasive Ventilation</a></p><p><b>date</b>: 2024-03-29</p><p><b>description</b>: </p><div><p>The number of pneumonia cases per ventilated patients should be low.</p>\n</div><blockquote><p><b>goal</b></p><blockquote><p><b>id</b></p>assessment-pneumonia-ventilated-patients-ratio</blockquote><p><b>category</b>: <span title=\"Codes:{http://snomed.info/sct 74964007}\">Other (qualifier value)</span></p><p><b>description</b>: <span title=\"Codes:\">The number of pneumonia cases per ventilated patients is at zero.</span></p><blockquote><p><b>target</b></p><p><b>measure</b>: <span title=\"Codes:{http://snomed.info/sct 429271009}\">Ventilator associated pneumonia</span></p><p><b>detail</b>: 0-?</p><h3>Dues</h3><table class=\"grid\"><tr><td style=\"display: none\">-</td><td><b>Value</b></td><td><b>Unit</b></td><td><b>System</b></td><td><b>Code</b></td></tr><tr><td style=\"display: none\">*</td><td>1</td><td>day</td><td><a href=\"http://terminology.hl7.org/5.1.0/CodeSystem-v3-ucum.html\">http://unitsofmeasure.org</a></td><td>d</td></tr></table></blockquote></blockquote><h3>Actions</h3><table class=\"grid\"><tr><td style=\"display: none\">-</td><td><b>Code</b></td><td><b>GoalId</b></td></tr><tr><td style=\"display: none\">*</td><td><span title=\"Codes:{http://snomed.info/sct 386053000}\">Evaluation procedure (procedure)</span></td><td>assessment-pneumonia-ventilated-patients-ratio</td></tr></table></div>"
  },
  "extension" : [{
    "url" : "http://hl7.org/fhir/uv/cpg/StructureDefinition/cpg-knowledgeCapability",
    "valueCode" : "computable"
  },
  {
    "url" : "http://hl7.org/fhir/uv/cpg/StructureDefinition/cpg-knowledgeRepresentationLevel",
    "valueCode" : "structured"
  },
  {
    "url" : "http://hl7.org/fhir/uv/cpg/StructureDefinition/cpg-partOf",
    "valueCanonical" : "https://www.netzwerk-universitaetsmedizin.de/fhir/codex-celida/guideline/DIVI-DigiQIs/recommendation/DIVI-QualityIndicator-5"
  },
  {
    "extension" : [{
      "url" : "method",
      "valueCodeableConcept" : {
        "coding" : [{
          "system" : "https://www.netzwerk-universitaetsmedizin.de/fhir/cpg-on-ebm-on-fhir/CodeSystem/cs-action-combination-method",
          "code" : "all"
        }]
      }
    }],
    "url" : "https://www.netzwerk-universitaetsmedizin.de/fhir/cpg-on-ebm-on-fhir/StructureDefinition/ext-action-combination-method"
  }],
  "url" : "https://www.netzwerk-universitaetsmedizin.de/fhir/codex-celida/guideline/DIVI-DigiQIs/intervention/pneumonia-ventilated-patients-ratio",
  "version" : "1.0",
  "name" : "Intervention_Pneumonia_VentilatedPatients_Ratio",
  "title" : "Pneumonia-per-Ventilated-Patients Ratio",
  "type" : {
    "coding" : [{
      "system" : "http://terminology.hl7.org/CodeSystem/plan-definition-type",
      "code" : "eca-rule"
    }]
  },
  "status" : "active",
  "subjectCanonical" : "https://www.netzwerk-universitaetsmedizin.de/fhir/codex-celida/guideline/DIVI-DigiQIs/population/intensive-care-patients_invasive-ventilation",
  "date" : "2024-03-29",
  "description" : "The number of pneumonia cases per ventilated patients should be low.",
  "goal" : [{
    "id" : "assessment-pneumonia-ventilated-patients-ratio",
    "category" : {
      "coding" : [{
        "system" : "http://snomed.info/sct",
        "code" : "74964007",
        "display" : "Other (qualifier value)"
      }]
    },
    "description" : {
      "text" : "The number of pneumonia cases per ventilated patients is at zero."
    },
    "target" : [{
      "measure" : {
        "coding" : [{
          "system" : "http://snomed.info/sct",
          "code" : "429271009",
          "display" : "Ventilator associated pneumonia"
        }]
      },
      "detailRange" : {
        "low" : {
          "value" : 0,
          "system" : "http://unitsofmeasure.org"
        }
      },
      "due" : {
        "value" : 1,
        "unit" : "day",
        "system" : "http://unitsofmeasure.org",
        "code" : "d"
      }
    }]
  }],
  "action" : [{
    "code" : {
      "coding" : [{
        "system" : "http://snomed.info/sct",
        "code" : "386053000",
        "display" : "Evaluation procedure (procedure)"
      }]
    },
    "goalId" : ["assessment-pneumonia-ventilated-patients-ratio"]
  }]
}