{
  "resourceType" : "PlanDefinition",
  "id" : "PeriodicAssessmentOfWeaning",
  "meta" : {
    "profile" : ["https://www.netzwerk-universitaetsmedizin.de/fhir/cpg-on-ebm-on-fhir/StructureDefinition/recommendation-plan"]
  },
  "text" : {
    "status" : "generated",
    "div" : "<div xmlns=\"http://www.w3.org/1999/xhtml\"><p class=\"res-header-id\"><b>Generated Narrative: PlanDefinition PeriodicAssessmentOfWeaning</b></p><a name=\"PeriodicAssessmentOfWeaning\"> </a><a name=\"hcPeriodicAssessmentOfWeaning\"> </a><a name=\"PeriodicAssessmentOfWeaning-en-US\"> </a><p><b>url</b>: <a href=\"PlanDefinition-PeriodicAssessmentOfWeaning.html\">PlanDefinition Daily Evaluation of Readiness-to-Wean and/or Weaning Trials</a></p><p><b>version</b>: 1.0</p><p><b>name</b>: Intervention_PeriodicAssessment_Weaning</p><p><b>title</b>: Daily Evaluation of Readiness-to-Wean and/or Weaning Trials</p><p><b>type</b>: <span title=\"Codes:{http://terminology.hl7.org/CodeSystem/plan-definition-type eca-rule}\">ECA Rule</span></p><p><b>status</b>: Active</p><p><b>subject</b>: <a href=\"EvidenceVariable-IntensiveCarePatients-InvasiveVentilation-NoHomeVentilation.html\">Population: Intensive Care Patients with Invasive Ventilation and no Home Ventilation</a></p><p><b>date</b>: 2024-03-29</p><p><b>description</b>: </p><div><p>All invasive ventilated Intensive Care Patients should be evaluated for their readiness-to-wean and/or receive weaning trials at least once every day.</p>\n</div><blockquote><p><b>action</b></p><p><b>code</b>: <span title=\"Codes:{http://snomed.info/sct 74964007}\">Other (qualifier value)</span></p><p><b>definition</b>: <a href=\"ActivityDefinition-DailyWeaningAssessments.html\">Daily Assessments of Readiness-to-wean from mechanical ventilation</a></p></blockquote><blockquote><p><b>action</b></p><p><b>code</b>: <span title=\"Codes:{http://snomed.info/sct 74964007}\">Other (qualifier value)</span></p><p><b>definition</b>: <a href=\"ActivityDefinition-DailyWeaningTrials.html\">Daily Weaning Trials</a></p></blockquote></div>"
  },
  "extension" : [{
    "url" : "http://hl7.org/fhir/uv/cpg/StructureDefinition/cpg-knowledgeCapability",
    "valueCode" : "computable"
  },
  {
    "url" : "http://hl7.org/fhir/uv/cpg/StructureDefinition/cpg-knowledgeRepresentationLevel",
    "valueCode" : "structured"
  },
  {
    "url" : "http://hl7.org/fhir/uv/cpg/StructureDefinition/cpg-partOf",
    "valueCanonical" : "https://www.netzwerk-universitaetsmedizin.de/fhir/codex-celida/guideline/DIVI-DigiQIs/recommendation/DIVI-QualityIndicator-4"
  },
  {
    "extension" : [{
      "url" : "method",
      "valueCodeableConcept" : {
        "coding" : [{
          "system" : "https://www.netzwerk-universitaetsmedizin.de/fhir/cpg-on-ebm-on-fhir/CodeSystem/cs-action-combination-method",
          "code" : "any"
        }]
      }
    }],
    "url" : "https://www.netzwerk-universitaetsmedizin.de/fhir/cpg-on-ebm-on-fhir/StructureDefinition/ext-action-combination-method"
  }],
  "url" : "https://www.netzwerk-universitaetsmedizin.de/fhir/codex-celida/guideline/DIVI-DigiQIs/intervention/periodic-assessment_weaning",
  "version" : "1.0",
  "name" : "Intervention_PeriodicAssessment_Weaning",
  "title" : "Daily Evaluation of Readiness-to-Wean and/or Weaning Trials",
  "type" : {
    "coding" : [{
      "system" : "http://terminology.hl7.org/CodeSystem/plan-definition-type",
      "code" : "eca-rule"
    }]
  },
  "status" : "active",
  "subjectCanonical" : "https://www.netzwerk-universitaetsmedizin.de/fhir/codex-celida/guideline/DIVI-DigiQIs/population/intensive-care-patients_invasive-ventilation_no-home-ventilation",
  "date" : "2024-03-29",
  "description" : "All invasive ventilated Intensive Care Patients should be evaluated for their readiness-to-wean and/or receive weaning trials at least once every day.",
  "action" : [{
    "code" : {
      "coding" : [{
        "system" : "http://snomed.info/sct",
        "code" : "74964007",
        "display" : "Other (qualifier value)"
      }]
    },
    "definitionCanonical" : "https://www.netzwerk-universitaetsmedizin.de/fhir/codex-celida/guideline/DIVI-DigiQIs/recommended-action/daily-weaning-assessments"
  },
  {
    "code" : {
      "coding" : [{
        "system" : "http://snomed.info/sct",
        "code" : "74964007",
        "display" : "Other (qualifier value)"
      }]
    },
    "definitionCanonical" : "https://www.netzwerk-universitaetsmedizin.de/fhir/codex-celida/guideline/DIVI-DigiQIs/recommended-action/daily-weaning-trials"
  }]
}