{
  "resourceType" : "PlanDefinition",
  "id" : "AntibioticsIndicationFocusDuration",
  "meta" : {
    "profile" : ["https://www.netzwerk-universitaetsmedizin.de/fhir/cpg-on-ebm-on-fhir/StructureDefinition/recommendation-plan"]
  },
  "text" : {
    "status" : "generated",
    "div" : "<div xmlns=\"http://www.w3.org/1999/xhtml\"><p class=\"res-header-id\"><b>Generated Narrative: PlanDefinition AntibioticsIndicationFocusDuration</b></p><a name=\"AntibioticsIndicationFocusDuration\"> </a><a name=\"hcAntibioticsIndicationFocusDuration\"> </a><a name=\"AntibioticsIndicationFocusDuration-en-US\"> </a><p><b>url</b>: <a href=\"PlanDefinition-AntibioticsIndicationFocusDuration.html\">PlanDefinition Indication, Focus and Duration of Therapy for Antibiotics</a></p><p><b>version</b>: 1.0</p><p><b>name</b>: Intervention_Antibiotics_IndicationFocusDuration</p><p><b>title</b>: Indication, Focus and Duration of Therapy for Antibiotics</p><p><b>type</b>: <span title=\"Codes:{http://terminology.hl7.org/CodeSystem/plan-definition-type eca-rule}\">ECA Rule</span></p><p><b>status</b>: Active</p><p><b>subject</b>: <a href=\"EvidenceVariable-IntensiveCarePatients-Antibiotic.html\">Population: Intensive Care Patients with at least one antibiotic</a></p><p><b>date</b>: 2024-03-29</p><p><b>description</b>: </p><div><p>All Intensive Care Patients with Antibiotics should have a daily re-evaluation of the Indication, Focus and Duration of Therapy for each Antibiotic.</p>\n</div><blockquote><p><b>action</b></p><p><b>code</b>: <span title=\"Codes:{http://snomed.info/sct 74964007}\">Other (qualifier value)</span></p><p><b>definition</b>: <a href=\"ActivityDefinition-DailyAssessmentAntibioticIndication.html\">Daily Assessment of the Indication for Antibiotics</a></p></blockquote><blockquote><p><b>action</b></p><p><b>code</b>: <span title=\"Codes:{http://snomed.info/sct 74964007}\">Other (qualifier value)</span></p><p><b>definition</b>: <a href=\"ActivityDefinition-DailyAssessmentAntibioticFocus.html\">Daily Assessment of the Focus for Antibiotics</a></p></blockquote><blockquote><p><b>action</b></p><p><b>code</b>: <span title=\"Codes:{http://snomed.info/sct 74964007}\">Other (qualifier value)</span></p><p><b>definition</b>: <a href=\"ActivityDefinition-DailyAssessmentAntibioticDuration.html\">Daily Assessment of the Duration of Antibiotic Therapy</a></p></blockquote></div>"
  },
  "extension" : [{
    "url" : "http://hl7.org/fhir/uv/cpg/StructureDefinition/cpg-knowledgeCapability",
    "valueCode" : "computable"
  },
  {
    "url" : "http://hl7.org/fhir/uv/cpg/StructureDefinition/cpg-knowledgeRepresentationLevel",
    "valueCode" : "structured"
  },
  {
    "url" : "http://hl7.org/fhir/uv/cpg/StructureDefinition/cpg-partOf",
    "valueCanonical" : "https://www.netzwerk-universitaetsmedizin.de/fhir/codex-celida/guideline/DIVI-DigiQIs/recommendation/DIVI-QualityIndicator-6"
  },
  {
    "extension" : [{
      "url" : "method",
      "valueCodeableConcept" : {
        "coding" : [{
          "system" : "https://www.netzwerk-universitaetsmedizin.de/fhir/cpg-on-ebm-on-fhir/CodeSystem/cs-action-combination-method",
          "code" : "all"
        }]
      }
    }],
    "url" : "https://www.netzwerk-universitaetsmedizin.de/fhir/cpg-on-ebm-on-fhir/StructureDefinition/ext-action-combination-method"
  }],
  "url" : "https://www.netzwerk-universitaetsmedizin.de/fhir/codex-celida/guideline/DIVI-DigiQIs/intervention/antibiotics_indication-focus-duration",
  "version" : "1.0",
  "name" : "Intervention_Antibiotics_IndicationFocusDuration",
  "title" : "Indication, Focus and Duration of Therapy for Antibiotics",
  "type" : {
    "coding" : [{
      "system" : "http://terminology.hl7.org/CodeSystem/plan-definition-type",
      "code" : "eca-rule"
    }]
  },
  "status" : "active",
  "subjectCanonical" : "https://www.netzwerk-universitaetsmedizin.de/fhir/codex-celida/guideline/DIVI-DigiQIs/population/intensive-care-patients_antibiotic",
  "date" : "2024-03-29",
  "description" : "All Intensive Care Patients with Antibiotics should have a daily re-evaluation of the Indication, Focus and Duration of Therapy for each Antibiotic.",
  "action" : [{
    "code" : {
      "coding" : [{
        "system" : "http://snomed.info/sct",
        "code" : "74964007",
        "display" : "Other (qualifier value)"
      }]
    },
    "definitionCanonical" : "https://www.netzwerk-universitaetsmedizin.de/fhir/codex-celida/guideline/DIVI-DigiQIs/recommended-action/daily-assessment-antibiotic-indication"
  },
  {
    "code" : {
      "coding" : [{
        "system" : "http://snomed.info/sct",
        "code" : "74964007",
        "display" : "Other (qualifier value)"
      }]
    },
    "definitionCanonical" : "https://www.netzwerk-universitaetsmedizin.de/fhir/codex-celida/guideline/DIVI-DigiQIs/recommended-action/daily-assessment-antibiotic-focus"
  },
  {
    "code" : {
      "coding" : [{
        "system" : "http://snomed.info/sct",
        "code" : "74964007",
        "display" : "Other (qualifier value)"
      }]
    },
    "definitionCanonical" : "https://www.netzwerk-universitaetsmedizin.de/fhir/codex-celida/guideline/DIVI-DigiQIs/recommended-action/daily-assessment-antibiotic-duration"
  }]
}