{
  "resourceType" : "PlanDefinition",
  "id" : "DIVIQualityIndicator7",
  "meta" : {
    "profile" : ["https://www.netzwerk-universitaetsmedizin.de/fhir/cpg-on-ebm-on-fhir/StructureDefinition/recommendation"]
  },
  "text" : {
    "status" : "generated",
    "div" : "<div xmlns=\"http://www.w3.org/1999/xhtml\"><p class=\"res-header-id\"><b>Generated Narrative: PlanDefinition DIVIQualityIndicator7</b></p><a name=\"DIVIQualityIndicator7\"> </a><a name=\"hcDIVIQualityIndicator7\"> </a><a name=\"DIVIQualityIndicator7-en-US\"> </a><p><b>url</b>: <a href=\"PlanDefinition-DIVIQualityIndicator7.html\">PlanDefinition DIVI Quality Indicator 7</a></p><p><b>version</b>: 1.0</p><p><b>name</b>: DiVI_QualityIndicator_7</p><p><b>title</b>: DIVI Quality Indicator 7</p><p><b>type</b>: <span title=\"Codes:{http://terminology.hl7.org/CodeSystem/plan-definition-type workflow-definition}\">Workflow Definition</span></p><p><b>status</b>: Active</p><p><b>experimental</b>: true</p><p><b>date</b>: 2024-03-29</p><p><b>publisher</b>: Deutsche Interdisziplinäre Vereinigung für Intensiv- und Notfallmedizin (DIVI)</p><p><b>description</b>: </p><div><p>DIVI Quality Indicator 7: Patient-adapted Clinical Nutrition</p>\n</div><blockquote><p><b>action</b></p><p><b>title</b>: DIVI Quality Indicator 7a: Early Enteral Feeding</p><p><b>description</b>: </p><div><p>All Intensive Care Patients for which a sufficient oral nutrition is not expected on day one should be started on enteral feeding within 24 hours.</p>\n</div><p><b>code</b>: <span title=\"Codes:{http://hl7.org/fhir/uv/cpg/CodeSystem/cpg-common-process guideline-based-care}\">Guideline-based Care</span></p><p><b>definition</b>: <a href=\"PlanDefinition-EarlyEnteralFeeding.html\">Early Enteral Feeding</a></p></blockquote><blockquote><p><b>action</b></p><p><b>title</b>: DIVI Quality Indicator 7b: Sufficient Feeding in Non-Adipose Patients</p><p><b>description</b>: </p><div><p>Every day, all Non-Adipose Intensive Care Patients should receive the amount of Calories that match their daily individual requirements.</p>\n</div><p><b>code</b>: <span title=\"Codes:{http://hl7.org/fhir/uv/cpg/CodeSystem/cpg-common-process guideline-based-care}\">Guideline-based Care</span></p><p><b>definition</b>: <a href=\"PlanDefinition-SufficientFeeding.html\">Sufficient Feeding in Non-Adipose Patients</a></p></blockquote></div>"
  },
  "extension" : [{
    "url" : "http://hl7.org/fhir/uv/cpg/StructureDefinition/cpg-knowledgeCapability",
    "valueCode" : "computable"
  },
  {
    "url" : "http://hl7.org/fhir/uv/cpg/StructureDefinition/cpg-knowledgeRepresentationLevel",
    "valueCode" : "structured"
  },
  {
    "extension" : [{
      "url" : "method",
      "valueCodeableConcept" : {
        "coding" : [{
          "system" : "https://www.netzwerk-universitaetsmedizin.de/fhir/cpg-on-ebm-on-fhir/CodeSystem/cs-action-combination-method",
          "code" : "all"
        }]
      }
    }],
    "url" : "https://www.netzwerk-universitaetsmedizin.de/fhir/cpg-on-ebm-on-fhir/StructureDefinition/ext-action-combination-method"
  }],
  "url" : "https://www.netzwerk-universitaetsmedizin.de/fhir/codex-celida/guideline/DIVI-DigiQIs/recommendation/DIVI-QualityIndicator-7",
  "version" : "1.0",
  "name" : "DiVI_QualityIndicator_7",
  "title" : "DIVI Quality Indicator 7",
  "type" : {
    "coding" : [{
      "system" : "http://terminology.hl7.org/CodeSystem/plan-definition-type",
      "code" : "workflow-definition"
    }]
  },
  "status" : "active",
  "experimental" : true,
  "date" : "2024-03-29",
  "publisher" : "Deutsche Interdisziplinäre Vereinigung für Intensiv- und Notfallmedizin (DIVI)",
  "description" : "DIVI Quality Indicator 7: Patient-adapted Clinical Nutrition",
  "action" : [{
    "title" : "DIVI Quality Indicator 7a: Early Enteral Feeding",
    "description" : "All Intensive Care Patients for which a sufficient oral nutrition is not expected on day one should be started on enteral feeding within 24 hours.",
    "code" : {
      "coding" : [{
        "system" : "http://hl7.org/fhir/uv/cpg/CodeSystem/cpg-common-process",
        "code" : "guideline-based-care"
      }]
    },
    "definitionCanonical" : "https://www.netzwerk-universitaetsmedizin.de/fhir/codex-celida/guideline/DIVI-DigiQIs/intervention/early-enteral-feeding"
  },
  {
    "title" : "DIVI Quality Indicator 7b: Sufficient Feeding in Non-Adipose Patients",
    "description" : "Every day, all Non-Adipose Intensive Care Patients should receive the amount of Calories that match their daily individual requirements.",
    "code" : {
      "coding" : [{
        "system" : "http://hl7.org/fhir/uv/cpg/CodeSystem/cpg-common-process",
        "code" : "guideline-based-care"
      }]
    },
    "definitionCanonical" : "https://www.netzwerk-universitaetsmedizin.de/fhir/codex-celida/guideline/DIVI-DigiQIs/intervention/sufficient-feeding"
  }]
}