{
  "resourceType" : "PlanDefinition",
  "id" : "InfectionDeviceRatio",
  "meta" : {
    "profile" : ["https://www.netzwerk-universitaetsmedizin.de/fhir/cpg-on-ebm-on-fhir/StructureDefinition/recommendation-plan"]
  },
  "text" : {
    "status" : "generated",
    "div" : "<div xmlns=\"http://www.w3.org/1999/xhtml\"><p class=\"res-header-id\"><b>Generated Narrative: PlanDefinition InfectionDeviceRatio</b></p><a name=\"InfectionDeviceRatio\"> </a><a name=\"hcInfectionDeviceRatio\"> </a><a name=\"InfectionDeviceRatio-en-US\"> </a><p><b>url</b>: <a href=\"PlanDefinition-InfectionDeviceRatio.html\">PlanDefinition Infection-per-Device Ratio</a></p><p><b>version</b>: 1.0</p><p><b>name</b>: Intervention_Infection_Device_Ratio</p><p><b>title</b>: Infection-per-Device Ratio</p><p><b>type</b>: <span title=\"Codes:{http://terminology.hl7.org/CodeSystem/plan-definition-type eca-rule}\">ECA Rule</span></p><p><b>status</b>: Active</p><p><b>subject</b>: <a href=\"EvidenceVariable-IntensiveCarePatients-InvasiveDevice.html\">Population: Intensive Care Patients with at least one invasive device</a></p><p><b>date</b>: 2024-03-29</p><p><b>description</b>: </p><div><p>The number of infections per invasive devices is at zero.</p>\n</div><blockquote><p><b>goal</b></p><blockquote><p><b>id</b></p>assessment-infection-device-ratio</blockquote><p><b>category</b>: <span title=\"Codes:{http://snomed.info/sct 74964007}\">Other (qualifier value)</span></p><p><b>description</b>: <span title=\"Codes:\">The number of infections per invasive devices is at zero.</span></p><blockquote><p><b>target</b></p><p><b>measure</b>: <span title=\"Codes:{http://snomed.info/sct 736152001}\">CLABSI - central line associated bloodstream infection</span></p><p><b>detail</b>: 0-?</p><h3>Dues</h3><table class=\"grid\"><tr><td style=\"display: none\">-</td><td><b>Value</b></td><td><b>Unit</b></td><td><b>System</b></td><td><b>Code</b></td></tr><tr><td style=\"display: none\">*</td><td>1</td><td>day</td><td><a href=\"http://terminology.hl7.org/5.1.0/CodeSystem-v3-ucum.html\">http://unitsofmeasure.org</a></td><td>d</td></tr></table></blockquote></blockquote><h3>Actions</h3><table class=\"grid\"><tr><td style=\"display: none\">-</td><td><b>Code</b></td><td><b>GoalId</b></td></tr><tr><td style=\"display: none\">*</td><td><span title=\"Codes:{http://snomed.info/sct 386053000}\">Evaluation procedure (procedure)</span></td><td>assessment-infection-device-ratio</td></tr></table></div>"
  },
  "extension" : [{
    "url" : "http://hl7.org/fhir/uv/cpg/StructureDefinition/cpg-knowledgeCapability",
    "valueCode" : "computable"
  },
  {
    "url" : "http://hl7.org/fhir/uv/cpg/StructureDefinition/cpg-knowledgeRepresentationLevel",
    "valueCode" : "structured"
  },
  {
    "url" : "http://hl7.org/fhir/uv/cpg/StructureDefinition/cpg-partOf",
    "valueCanonical" : "https://www.netzwerk-universitaetsmedizin.de/fhir/codex-celida/guideline/DIVI-DigiQIs/recommendation/DIVI-QualityIndicator-5"
  },
  {
    "extension" : [{
      "url" : "method",
      "valueCodeableConcept" : {
        "coding" : [{
          "system" : "https://www.netzwerk-universitaetsmedizin.de/fhir/cpg-on-ebm-on-fhir/CodeSystem/cs-action-combination-method",
          "code" : "all"
        }]
      }
    }],
    "url" : "https://www.netzwerk-universitaetsmedizin.de/fhir/cpg-on-ebm-on-fhir/StructureDefinition/ext-action-combination-method"
  }],
  "url" : "https://www.netzwerk-universitaetsmedizin.de/fhir/codex-celida/guideline/DIVI-DigiQIs/intervention/infection-device-ratio",
  "version" : "1.0",
  "name" : "Intervention_Infection_Device_Ratio",
  "title" : "Infection-per-Device Ratio",
  "type" : {
    "coding" : [{
      "system" : "http://terminology.hl7.org/CodeSystem/plan-definition-type",
      "code" : "eca-rule"
    }]
  },
  "status" : "active",
  "subjectCanonical" : "https://www.netzwerk-universitaetsmedizin.de/fhir/codex-celida/guideline/DIVI-DigiQIs/population/intensive-care-patients_invasive-device",
  "date" : "2024-03-29",
  "description" : "The number of infections per invasive devices is at zero.",
  "goal" : [{
    "id" : "assessment-infection-device-ratio",
    "category" : {
      "coding" : [{
        "system" : "http://snomed.info/sct",
        "code" : "74964007",
        "display" : "Other (qualifier value)"
      }]
    },
    "description" : {
      "text" : "The number of infections per invasive devices is at zero."
    },
    "target" : [{
      "measure" : {
        "coding" : [{
          "system" : "http://snomed.info/sct",
          "code" : "736152001",
          "display" : "CLABSI - central line associated bloodstream infection"
        }]
      },
      "detailRange" : {
        "low" : {
          "value" : 0,
          "system" : "http://unitsofmeasure.org"
        }
      },
      "due" : {
        "value" : 1,
        "unit" : "day",
        "system" : "http://unitsofmeasure.org",
        "code" : "d"
      }
    }]
  }],
  "action" : [{
    "code" : {
      "coding" : [{
        "system" : "http://snomed.info/sct",
        "code" : "386053000",
        "display" : "Evaluation procedure (procedure)"
      }]
    },
    "goalId" : ["assessment-infection-device-ratio"]
  }]
}